0 verbose cli /usr/local/bin/node /usr/local/bin/npm
1 info using npm@11.17.0
2 info using node@v24.19.0
3 silly config load:file:/usr/local/lib/node_modules/npm/npmrc
4 silly config load:file:/Users/wisnuwar/Documents/Coding/Tartun V2/Uc1Nx-main/.npmrc
5 silly config load:file:/Users/wisnuwar/.npmrc
6 silly config load:file:/usr/local/etc/npmrc
7 verbose title npm install express sqlite3 cors jsonwebtoken bcryptjs multer uuid
8 verbose argv "install" "express" "sqlite3" "cors" "jsonwebtoken" "bcryptjs" "multer" "uuid" "--cache" "./.npm-cache"
9 verbose logfile logs-max:10 dir:/Users/wisnuwar/Documents/Coding/Tartun V2/Uc1Nx-main/.npm-cache/_logs/2026-08-12T05_07_44_782Z-
10 verbose logfile /Users/wisnuwar/Documents/Coding/Tartun V2/Uc1Nx-main/.npm-cache/_logs/2026-08-12T05_07_44_782Z-debug-0.log
11 silly logfile done cleaning log files
12 silly packumentCache heap:2348810240 maxSize:587202560 maxEntrySize:293601280
13 silly idealTree buildDeps
14 silly fetch manifest express@*
15 silly packumentCache full:https://registry.npmjs.org/express cache-miss
16 http fetch GET 200 https://registry.npmjs.org/express 279ms (cache miss)
17 silly packumentCache full:https://registry.npmjs.org/express set size:undefined disposed:false
18 silly fetch manifest sqlite3@*
19 silly packumentCache full:https://registry.npmjs.org/sqlite3 cache-miss
20 http fetch GET 200 https://registry.npmjs.org/npm 344ms
21 http fetch GET 200 https://registry.npmjs.org/sqlite3 57ms (cache miss)
22 silly packumentCache full:https://registry.npmjs.org/sqlite3 set size:undefined disposed:false
23 silly fetch manifest cors@*
24 silly packumentCache full:https://registry.npmjs.org/cors cache-miss
25 http fetch GET 200 https://registry.npmjs.org/cors 55ms (cache miss)
26 silly packumentCache full:https://registry.npmjs.org/cors set size:undefined disposed:false
27 silly fetch manifest jsonwebtoken@*
28 silly packumentCache full:https://registry.npmjs.org/jsonwebtoken cache-miss
29 http fetch GET 200 https://registry.npmjs.org/jsonwebtoken 67ms (cache miss)
30 silly packumentCache full:https://registry.npmjs.org/jsonwebtoken set size:undefined disposed:false
31 silly fetch manifest bcryptjs@*
32 silly packumentCache full:https://registry.npmjs.org/bcryptjs cache-miss
33 http fetch GET 200 https://registry.npmjs.org/bcryptjs 66ms (cache miss)
34 silly packumentCache full:https://registry.npmjs.org/bcryptjs set size:undefined disposed:false
35 silly fetch manifest multer@*
36 silly packumentCache full:https://registry.npmjs.org/multer cache-miss
37 http fetch GET 200 https://registry.npmjs.org/multer 45ms (cache miss)
38 silly packumentCache full:https://registry.npmjs.org/multer set size:undefined disposed:false
39 silly fetch manifest uuid@*
40 silly packumentCache full:https://registry.npmjs.org/uuid cache-miss
41 http fetch GET 200 https://registry.npmjs.org/uuid 94ms (cache miss)
42 silly packumentCache full:https://registry.npmjs.org/uuid set size:undefined disposed:false
43 silly placeDep ROOT bcryptjs@3.0.3 OK for: uc1nx-main@1.0.0 want: *
44 silly placeDep ROOT cors@2.8.6 OK for: uc1nx-main@1.0.0 want: *
45 silly placeDep ROOT express@5.2.1 OK for: uc1nx-main@1.0.0 want: *
46 silly placeDep ROOT jsonwebtoken@9.0.3 OK for: uc1nx-main@1.0.0 want: *
47 silly placeDep ROOT multer@2.2.0 OK for: uc1nx-main@1.0.0 want: *
48 silly placeDep ROOT sqlite3@6.0.1 OK for: uc1nx-main@1.0.0 want: *
49 silly placeDep ROOT uuid@14.0.1 OK for: uc1nx-main@1.0.0 want: *
50 silly fetch manifest object-assign@^4
51 silly packumentCache full:https://registry.npmjs.org/object-assign cache-miss
52 silly fetch manifest vary@^1
53 silly packumentCache full:https://registry.npmjs.org/vary cache-miss
54 silly fetch manifest qs@^6.14.0
55 silly packumentCache full:https://registry.npmjs.org/qs cache-miss
56 silly fetch manifest depd@^2.0.0
57 silly packumentCache full:https://registry.npmjs.org/depd cache-miss
58 silly fetch manifest etag@^1.8.1
59 silly packumentCache full:https://registry.npmjs.org/etag cache-miss
60 silly fetch manifest once@^1.4.0
61 silly packumentCache full:https://registry.npmjs.org/once cache-miss
62 silly fetch manifest send@^1.1.0
63 silly packumentCache full:https://registry.npmjs.org/send cache-miss
64 http fetch GET 200 https://registry.npmjs.org/vary 68ms (cache miss)
65 silly packumentCache full:https://registry.npmjs.org/vary set size:undefined disposed:false
66 silly fetch manifest vary@^1.1.2
67 silly packumentCache full:https://registry.npmjs.org/vary cache-miss
68 http cache https://registry.npmjs.org/vary 4ms (cache hit)
69 silly packumentCache full:https://registry.npmjs.org/vary set size:15994 disposed:false
70 silly fetch manifest debug@^4.4.0
71 silly packumentCache full:https://registry.npmjs.org/debug cache-miss
72 http fetch GET 200 https://registry.npmjs.org/object-assign 95ms (cache miss)
73 silly packumentCache full:https://registry.npmjs.org/object-assign set size:undefined disposed:false
74 silly fetch manifest fresh@^2.0.0
75 silly packumentCache full:https://registry.npmjs.org/fresh cache-miss
76 http fetch GET 200 https://registry.npmjs.org/once 119ms (cache miss)
77 silly packumentCache full:https://registry.npmjs.org/once set size:undefined disposed:false
78 silly fetch manifest cookie@^0.7.1
79 silly packumentCache full:https://registry.npmjs.org/cookie cache-miss
80 http fetch GET 200 https://registry.npmjs.org/depd 124ms (cache miss)
81 silly packumentCache full:https://registry.npmjs.org/depd set size:undefined disposed:false
82 silly fetch manifest router@^2.2.0
83 silly packumentCache full:https://registry.npmjs.org/router cache-miss
84 http fetch GET 200 https://registry.npmjs.org/send 133ms (cache miss)
85 silly packumentCache full:https://registry.npmjs.org/send set size:undefined disposed:false
86 silly fetch manifest accepts@^2.0.0
87 silly packumentCache full:https://registry.npmjs.org/accepts cache-miss
88 http fetch GET 200 https://registry.npmjs.org/etag 137ms (cache miss)
89 silly packumentCache full:https://registry.npmjs.org/etag set size:undefined disposed:false
90 silly fetch manifest type-is@^2.0.1
91 silly packumentCache full:https://registry.npmjs.org/type-is cache-miss
92 http fetch GET 200 https://registry.npmjs.org/fresh 43ms (cache miss)
93 silly packumentCache full:https://registry.npmjs.org/fresh set size:undefined disposed:false
94 silly fetch manifest parseurl@^1.3.3
95 silly packumentCache full:https://registry.npmjs.org/parseurl cache-miss
96 http fetch GET 200 https://registry.npmjs.org/qs 141ms (cache miss)
97 silly packumentCache full:https://registry.npmjs.org/qs set size:undefined disposed:false
98 silly fetch manifest statuses@^2.0.1
99 silly packumentCache full:https://registry.npmjs.org/statuses cache-miss
100 http fetch GET 200 https://registry.npmjs.org/debug 70ms (cache miss)
101 silly packumentCache full:https://registry.npmjs.org/debug set size:undefined disposed:false
102 silly fetch manifest encodeurl@^2.0.0
103 silly packumentCache full:https://registry.npmjs.org/encodeurl cache-miss
104 http fetch GET 200 https://registry.npmjs.org/encodeurl 83ms (cache miss)
105 silly packumentCache full:https://registry.npmjs.org/encodeurl set size:undefined disposed:false
106 silly fetch manifest mime-types@^3.0.0
107 silly packumentCache full:https://registry.npmjs.org/mime-types cache-miss
108 http fetch GET 200 https://registry.npmjs.org/parseurl 90ms (cache miss)
109 silly packumentCache full:https://registry.npmjs.org/parseurl set size:undefined disposed:false
110 silly fetch manifest proxy-addr@^2.0.7
111 silly packumentCache full:https://registry.npmjs.org/proxy-addr cache-miss
112 http fetch GET 200 https://registry.npmjs.org/statuses 89ms (cache miss)
113 silly packumentCache full:https://registry.npmjs.org/statuses set size:undefined disposed:false
114 silly fetch manifest body-parser@^2.2.1
115 silly packumentCache full:https://registry.npmjs.org/body-parser cache-miss
116 http fetch GET 200 https://registry.npmjs.org/accepts 101ms (cache miss)
117 silly packumentCache full:https://registry.npmjs.org/accepts set size:undefined disposed:false
118 silly fetch manifest escape-html@^1.0.3
119 silly packumentCache full:https://registry.npmjs.org/escape-html cache-miss
120 http fetch GET 200 https://registry.npmjs.org/type-is 106ms (cache miss)
121 silly packumentCache full:https://registry.npmjs.org/type-is set size:undefined disposed:false
122 silly fetch manifest http-errors@^2.0.0
123 silly packumentCache full:https://registry.npmjs.org/http-errors cache-miss
124 http fetch GET 200 https://registry.npmjs.org/cookie 125ms (cache miss)
125 silly packumentCache full:https://registry.npmjs.org/cookie set size:undefined disposed:false
126 silly fetch manifest on-finished@^2.4.1
127 silly packumentCache full:https://registry.npmjs.org/on-finished cache-miss
128 http fetch GET 200 https://registry.npmjs.org/router 123ms (cache miss)
129 silly packumentCache full:https://registry.npmjs.org/router set size:undefined disposed:false
130 silly fetch manifest content-type@^1.0.5
131 silly packumentCache full:https://registry.npmjs.org/content-type cache-miss
132 http fetch GET 200 https://registry.npmjs.org/proxy-addr 38ms (cache miss)
133 silly packumentCache full:https://registry.npmjs.org/proxy-addr set size:undefined disposed:false
134 silly fetch manifest finalhandler@^2.1.0
135 silly packumentCache full:https://registry.npmjs.org/finalhandler cache-miss
136 http fetch GET 200 https://registry.npmjs.org/mime-types 44ms (cache miss)
137 silly packumentCache full:https://registry.npmjs.org/mime-types set size:undefined disposed:false
138 silly fetch manifest range-parser@^1.2.1
139 silly packumentCache full:https://registry.npmjs.org/range-parser cache-miss
140 http fetch GET 200 https://registry.npmjs.org/body-parser 47ms (cache miss)
141 silly packumentCache full:https://registry.npmjs.org/body-parser set size:undefined disposed:false
142 silly fetch manifest serve-static@^2.2.0
143 silly packumentCache full:https://registry.npmjs.org/serve-static cache-miss
144 http fetch GET 200 https://registry.npmjs.org/escape-html 39ms (cache miss)
145 silly packumentCache full:https://registry.npmjs.org/escape-html set size:undefined disposed:false
146 silly fetch manifest cookie-signature@^1.2.1
147 silly packumentCache full:https://registry.npmjs.org/cookie-signature cache-miss
148 http fetch GET 200 https://registry.npmjs.org/http-errors 41ms (cache miss)
149 silly packumentCache full:https://registry.npmjs.org/http-errors set size:undefined disposed:false
150 silly fetch manifest merge-descriptors@^2.0.0
151 silly packumentCache full:https://registry.npmjs.org/merge-descriptors cache-miss
152 http fetch GET 200 https://registry.npmjs.org/on-finished 42ms (cache miss)
153 silly packumentCache full:https://registry.npmjs.org/on-finished set size:undefined disposed:false
154 silly fetch manifest content-disposition@^1.0.0
155 silly packumentCache full:https://registry.npmjs.org/content-disposition cache-miss
156 http fetch GET 200 https://registry.npmjs.org/content-type 49ms (cache miss)
157 silly packumentCache full:https://registry.npmjs.org/content-type set size:undefined disposed:false
158 silly fetch manifest ms@^2.1.1
159 silly packumentCache full:https://registry.npmjs.org/ms cache-miss
160 http fetch GET 200 https://registry.npmjs.org/finalhandler 41ms (cache miss)
161 silly packumentCache full:https://registry.npmjs.org/finalhandler set size:undefined disposed:false
162 silly fetch manifest jws@^4.0.1
163 silly packumentCache full:https://registry.npmjs.org/jws cache-miss
164 http fetch GET 200 https://registry.npmjs.org/range-parser 40ms (cache miss)
165 silly packumentCache full:https://registry.npmjs.org/range-parser set size:undefined disposed:false
166 silly fetch manifest semver@^7.5.4
167 silly packumentCache full:https://registry.npmjs.org/semver cache-miss
168 http fetch GET 200 https://registry.npmjs.org/merge-descriptors 41ms (cache miss)
169 silly packumentCache full:https://registry.npmjs.org/merge-descriptors set size:undefined disposed:false
170 silly fetch manifest lodash.once@^4.0.0
171 silly packumentCache full:https://registry.npmjs.org/lodash.once cache-miss
172 http fetch GET 200 https://registry.npmjs.org/content-disposition 43ms (cache miss)
173 silly packumentCache full:https://registry.npmjs.org/content-disposition set size:undefined disposed:false
174 silly fetch manifest lodash.includes@^4.3.0
175 silly packumentCache full:https://registry.npmjs.org/lodash.includes cache-miss
176 http fetch GET 200 https://registry.npmjs.org/cookie-signature 52ms (cache miss)
177 silly packumentCache full:https://registry.npmjs.org/cookie-signature set size:undefined disposed:false
178 silly fetch manifest lodash.isnumber@^3.0.3
179 silly packumentCache full:https://registry.npmjs.org/lodash.isnumber cache-miss
180 http fetch GET 200 https://registry.npmjs.org/serve-static 55ms (cache miss)
181 silly packumentCache full:https://registry.npmjs.org/serve-static set size:undefined disposed:false
182 silly fetch manifest lodash.isstring@^4.0.1
183 silly packumentCache full:https://registry.npmjs.org/lodash.isstring cache-miss
184 http fetch GET 200 https://registry.npmjs.org/ms 53ms (cache miss)
185 silly packumentCache full:https://registry.npmjs.org/ms set size:undefined disposed:false
186 silly fetch manifest lodash.isboolean@^3.0.3
187 silly packumentCache full:https://registry.npmjs.org/lodash.isboolean cache-miss
188 http fetch GET 200 https://registry.npmjs.org/jws 45ms (cache miss)
189 silly packumentCache full:https://registry.npmjs.org/jws set size:undefined disposed:false
190 silly fetch manifest lodash.isinteger@^4.0.4
191 silly packumentCache full:https://registry.npmjs.org/lodash.isinteger cache-miss
192 http fetch GET 200 https://registry.npmjs.org/semver 51ms (cache miss)
193 silly packumentCache full:https://registry.npmjs.org/semver set size:undefined disposed:false
194 silly fetch manifest lodash.isplainobject@^4.0.6
195 silly packumentCache full:https://registry.npmjs.org/lodash.isplainobject cache-miss
196 http fetch GET 200 https://registry.npmjs.org/lodash.once 41ms (cache miss)
197 silly packumentCache full:https://registry.npmjs.org/lodash.once set size:undefined disposed:false
198 silly fetch manifest append-field@^1.0.0
199 silly packumentCache full:https://registry.npmjs.org/append-field cache-miss
200 http fetch GET 200 https://registry.npmjs.org/lodash.isnumber 43ms (cache miss)
201 silly packumentCache full:https://registry.npmjs.org/lodash.isnumber set size:undefined disposed:false
202 silly fetch manifest busboy@^1.6.0
203 silly packumentCache full:https://registry.npmjs.org/busboy cache-miss
204 http fetch GET 200 https://registry.npmjs.org/lodash.includes 45ms (cache miss)
205 silly packumentCache full:https://registry.npmjs.org/lodash.includes set size:undefined disposed:false
206 silly fetch manifest concat-stream@^2.0.0
207 silly packumentCache full:https://registry.npmjs.org/concat-stream cache-miss
208 http fetch GET 200 https://registry.npmjs.org/lodash.isstring 42ms (cache miss)
209 silly packumentCache full:https://registry.npmjs.org/lodash.isstring set size:undefined disposed:false
210 silly fetch manifest type-is@^1.6.18
211 silly packumentCache full:https://registry.npmjs.org/type-is cache-miss
212 http cache https://registry.npmjs.org/type-is 2ms (cache hit)
213 silly packumentCache full:https://registry.npmjs.org/type-is set size:88614 disposed:false
214 silly fetch manifest bindings@^1.5.0
215 silly packumentCache full:https://registry.npmjs.org/bindings cache-miss
216 http fetch GET 200 https://registry.npmjs.org/lodash.isinteger 38ms (cache miss)
217 silly packumentCache full:https://registry.npmjs.org/lodash.isinteger set size:undefined disposed:false
218 silly fetch manifest node-addon-api@^8.0.0
219 silly packumentCache full:https://registry.npmjs.org/node-addon-api cache-miss
220 http fetch GET 200 https://registry.npmjs.org/lodash.isboolean 50ms (cache miss)
221 silly packumentCache full:https://registry.npmjs.org/lodash.isboolean set size:undefined disposed:false
222 silly fetch manifest prebuild-install@^7.1.3
223 silly packumentCache full:https://registry.npmjs.org/prebuild-install cache-miss
224 http fetch GET 200 https://registry.npmjs.org/lodash.isplainobject 37ms (cache miss)
225 silly packumentCache full:https://registry.npmjs.org/lodash.isplainobject set size:undefined disposed:false
226 silly fetch manifest tar@^7.5.10
227 silly packumentCache full:https://registry.npmjs.org/tar cache-miss
228 http fetch GET 200 https://registry.npmjs.org/append-field 40ms (cache miss)
229 silly packumentCache full:https://registry.npmjs.org/append-field set size:undefined disposed:false
230 silly fetch manifest node-gyp@12.x
231 silly packumentCache full:https://registry.npmjs.org/node-gyp cache-miss
232 http fetch GET 200 https://registry.npmjs.org/busboy 79ms (cache miss)
233 silly packumentCache full:https://registry.npmjs.org/busboy set size:undefined disposed:false
234 http fetch GET 200 https://registry.npmjs.org/bindings 77ms (cache miss)
235 silly packumentCache full:https://registry.npmjs.org/bindings set size:undefined disposed:false
236 http fetch GET 200 https://registry.npmjs.org/concat-stream 82ms (cache miss)
237 silly packumentCache full:https://registry.npmjs.org/concat-stream set size:undefined disposed:false
238 http fetch GET 200 https://registry.npmjs.org/node-addon-api 70ms (cache miss)
239 silly packumentCache full:https://registry.npmjs.org/node-addon-api set size:undefined disposed:false
240 http fetch GET 200 https://registry.npmjs.org/prebuild-install 63ms (cache miss)
241 silly packumentCache full:https://registry.npmjs.org/prebuild-install set size:undefined disposed:false
242 http fetch GET 200 https://registry.npmjs.org/tar 77ms (cache miss)
243 silly packumentCache full:https://registry.npmjs.org/tar set size:undefined disposed:false
244 http fetch GET 200 https://registry.npmjs.org/node-gyp 169ms (cache miss)
245 silly packumentCache full:https://registry.npmjs.org/node-gyp set size:undefined disposed:false
246 silly placeDep ROOT object-assign@4.1.1 OK for: cors@2.8.6 want: ^4
247 silly placeDep ROOT vary@1.1.2 OK for: cors@2.8.6 want: ^1
248 silly placeDep ROOT accepts@2.0.0 OK for: express@5.2.1 want: ^2.0.0
249 silly placeDep ROOT body-parser@2.3.0 OK for: express@5.2.1 want: ^2.2.1
250 silly placeDep ROOT content-disposition@1.1.0 OK for: express@5.2.1 want: ^1.0.0
251 silly placeDep ROOT content-type@1.0.5 OK for: express@5.2.1 want: ^1.0.5
252 silly placeDep ROOT cookie@0.7.2 OK for: express@5.2.1 want: ^0.7.1
253 silly placeDep ROOT cookie-signature@1.2.2 OK for: express@5.2.1 want: ^1.2.1
254 silly placeDep ROOT debug@4.4.3 OK for: express@5.2.1 want: ^4.4.0
255 silly placeDep ROOT depd@2.0.0 OK for: express@5.2.1 want: ^2.0.0
256 silly placeDep ROOT encodeurl@2.0.0 OK for: express@5.2.1 want: ^2.0.0
257 silly placeDep ROOT escape-html@1.0.3 OK for: express@5.2.1 want: ^1.0.3
258 silly placeDep ROOT etag@1.8.1 OK for: express@5.2.1 want: ^1.8.1
259 silly placeDep ROOT finalhandler@2.1.1 OK for: express@5.2.1 want: ^2.1.0
260 silly placeDep ROOT fresh@2.0.0 OK for: express@5.2.1 want: ^2.0.0
261 silly placeDep ROOT http-errors@2.0.1 OK for: express@5.2.1 want: ^2.0.0
262 silly placeDep ROOT merge-descriptors@2.0.0 OK for: express@5.2.1 want: ^2.0.0
263 silly placeDep ROOT mime-types@3.0.2 OK for: express@5.2.1 want: ^3.0.0
264 silly placeDep ROOT on-finished@2.4.1 OK for: express@5.2.1 want: ^2.4.1
265 silly placeDep ROOT once@1.4.0 OK for: express@5.2.1 want: ^1.4.0
266 silly placeDep ROOT parseurl@1.3.3 OK for: express@5.2.1 want: ^1.3.3
267 silly placeDep ROOT proxy-addr@2.0.7 OK for: express@5.2.1 want: ^2.0.7
268 silly placeDep ROOT qs@6.15.3 OK for: express@5.2.1 want: ^6.14.0
269 silly placeDep ROOT range-parser@1.3.0 OK for: express@5.2.1 want: ^1.2.1
270 silly placeDep ROOT router@2.2.0 OK for: express@5.2.1 want: ^2.2.0
271 silly placeDep ROOT send@1.2.1 OK for: express@5.2.1 want: ^1.1.0
272 silly placeDep ROOT serve-static@2.2.1 OK for: express@5.2.1 want: ^2.2.0
273 silly placeDep ROOT statuses@2.0.2 OK for: express@5.2.1 want: ^2.0.1
274 silly placeDep ROOT type-is@2.1.0 OK for: express@5.2.1 want: ^2.0.1
275 silly fetch manifest negotiator@^1.0.0
276 silly packumentCache full:https://registry.npmjs.org/negotiator cache-miss
277 silly fetch manifest qs@^6.15.2
278 silly packumentCache full:https://registry.npmjs.org/qs cache-miss
279 silly fetch manifest bytes@^3.1.2
280 silly packumentCache full:https://registry.npmjs.org/bytes cache-miss
281 silly fetch manifest debug@^4.4.3
282 silly packumentCache full:https://registry.npmjs.org/debug cache-miss
283 silly fetch manifest type-is@^2.1.0
284 silly packumentCache full:https://registry.npmjs.org/type-is cache-hit
285 silly fetch manifest raw-body@^3.0.2
286 silly packumentCache full:https://registry.npmjs.org/raw-body cache-miss
287 silly fetch manifest iconv-lite@^0.7.2
288 silly packumentCache full:https://registry.npmjs.org/iconv-lite cache-miss
289 silly fetch manifest http-errors@^2.0.1
290 silly packumentCache full:https://registry.npmjs.org/http-errors cache-miss
291 http cache https://registry.npmjs.org/http-errors 5ms (cache hit)
292 silly packumentCache full:https://registry.npmjs.org/http-errors set size:71987 disposed:false
293 silly fetch manifest content-type@^2.0.0
294 silly packumentCache full:https://registry.npmjs.org/content-type cache-miss
295 http cache https://registry.npmjs.org/qs 7ms (cache hit)
296 silly packumentCache full:https://registry.npmjs.org/qs set size:360318 disposed:false
297 silly fetch manifest ms@^2.1.3
298 silly packumentCache full:https://registry.npmjs.org/ms cache-miss
299 http cache https://registry.npmjs.org/debug 10ms (cache hit)
300 silly packumentCache full:https://registry.npmjs.org/debug set size:195840 disposed:false
301 silly fetch manifest inherits@~2.0.4
302 silly packumentCache full:https://registry.npmjs.org/inherits cache-miss
303 http cache https://registry.npmjs.org/content-type 7ms (cache hit)
304 silly packumentCache full:https://registry.npmjs.org/content-type set size:18994 disposed:false
305 silly fetch manifest setprototypeof@~1.2.0
306 silly packumentCache full:https://registry.npmjs.org/setprototypeof cache-miss
307 http cache https://registry.npmjs.org/ms 5ms (cache hit)
308 silly packumentCache full:https://registry.npmjs.org/ms set size:92208 disposed:false
309 silly fetch manifest statuses@~2.0.2
310 silly packumentCache full:https://registry.npmjs.org/statuses cache-miss
311 http cache https://registry.npmjs.org/statuses 1ms (cache hit)
312 silly packumentCache full:https://registry.npmjs.org/statuses set size:37117 disposed:false
313 silly fetch manifest toidentifier@~1.0.1
314 silly packumentCache full:https://registry.npmjs.org/toidentifier cache-miss
315 http fetch GET 200 https://registry.npmjs.org/bytes 59ms (cache miss)
316 silly packumentCache full:https://registry.npmjs.org/bytes set size:undefined disposed:false
317 silly fetch manifest mime-db@^1.54.0
318 silly packumentCache full:https://registry.npmjs.org/mime-db cache-miss
319 http fetch GET 200 https://registry.npmjs.org/toidentifier 49ms (cache miss)
320 silly packumentCache full:https://registry.npmjs.org/toidentifier set size:undefined disposed:false
321 silly fetch manifest ee-first@1.1.1
322 silly packumentCache full:https://registry.npmjs.org/ee-first cache-miss
323 http fetch GET 200 https://registry.npmjs.org/setprototypeof 53ms (cache miss)
324 silly packumentCache full:https://registry.npmjs.org/setprototypeof set size:undefined disposed:false
325 silly fetch manifest wrappy@1
326 silly packumentCache full:https://registry.npmjs.org/wrappy cache-miss
327 http fetch GET 200 https://registry.npmjs.org/negotiator 69ms (cache miss)
328 silly packumentCache full:https://registry.npmjs.org/negotiator set size:undefined disposed:false
329 silly fetch manifest forwarded@0.2.0
330 silly packumentCache full:https://registry.npmjs.org/forwarded cache-miss
331 http fetch GET 200 https://registry.npmjs.org/iconv-lite 69ms (cache miss)
332 silly packumentCache full:https://registry.npmjs.org/iconv-lite set size:undefined disposed:false
333 silly fetch manifest ipaddr.js@1.9.1
334 silly packumentCache full:https://registry.npmjs.org/ipaddr.js cache-miss
335 http fetch GET 200 https://registry.npmjs.org/raw-body 72ms (cache miss)
336 silly packumentCache full:https://registry.npmjs.org/raw-body set size:undefined disposed:false
337 silly fetch manifest side-channel@^1.1.1
338 silly packumentCache full:https://registry.npmjs.org/side-channel cache-miss
339 http fetch GET 200 https://registry.npmjs.org/inherits 64ms (cache miss)
340 silly packumentCache full:https://registry.npmjs.org/inherits set size:undefined disposed:false
341 silly fetch manifest es-define-property@^1.0.1
342 silly packumentCache full:https://registry.npmjs.org/es-define-property cache-miss
343 http fetch GET 200 https://registry.npmjs.org/wrappy 37ms (cache miss)
344 silly packumentCache full:https://registry.npmjs.org/wrappy set size:undefined disposed:false
345 silly fetch manifest is-promise@^4.0.0
346 silly packumentCache full:https://registry.npmjs.org/is-promise cache-miss
347 http fetch GET 200 https://registry.npmjs.org/ee-first 40ms (cache miss)
348 silly packumentCache full:https://registry.npmjs.org/ee-first set size:undefined disposed:false
349 silly fetch manifest path-to-regexp@^8.0.0
350 silly packumentCache full:https://registry.npmjs.org/path-to-regexp cache-miss
351 http fetch GET 200 https://registry.npmjs.org/mime-db 47ms (cache miss)
352 silly packumentCache full:https://registry.npmjs.org/mime-db set size:undefined disposed:false
353 silly fetch manifest statuses@^2.0.2
354 silly packumentCache full:https://registry.npmjs.org/statuses cache-hit
355 silly fetch manifest media-typer@^1.1.0
356 silly packumentCache full:https://registry.npmjs.org/media-typer cache-miss
357 http fetch GET 200 https://registry.npmjs.org/forwarded 41ms (cache miss)
358 silly packumentCache full:https://registry.npmjs.org/forwarded set size:undefined disposed:false
359 http fetch GET 200 https://registry.npmjs.org/ipaddr.js 42ms (cache miss)
360 silly packumentCache full:https://registry.npmjs.org/ipaddr.js set size:undefined disposed:false
361 http fetch GET 200 https://registry.npmjs.org/side-channel 43ms (cache miss)
362 silly packumentCache full:https://registry.npmjs.org/side-channel set size:undefined disposed:false
363 http fetch GET 200 https://registry.npmjs.org/es-define-property 44ms (cache miss)
364 silly packumentCache full:https://registry.npmjs.org/es-define-property set size:undefined disposed:false
365 http fetch GET 200 https://registry.npmjs.org/is-promise 39ms (cache miss)
366 silly packumentCache full:https://registry.npmjs.org/is-promise set size:undefined disposed:false
367 http fetch GET 200 https://registry.npmjs.org/media-typer 41ms (cache miss)
368 silly packumentCache full:https://registry.npmjs.org/media-typer set size:undefined disposed:false
369 http fetch GET 200 https://registry.npmjs.org/path-to-regexp 46ms (cache miss)
370 silly packumentCache full:https://registry.npmjs.org/path-to-regexp set size:undefined disposed:false
371 silly placeDep ROOT negotiator@1.0.0 OK for: accepts@2.0.0 want: ^1.0.0
372 silly placeDep ROOT bytes@3.1.2 OK for: body-parser@2.3.0 want: ^3.1.2
373 silly placeDep node_modules/body-parser content-type@2.0.0 OK for: body-parser@2.3.0 want: ^2.0.0
374 silly placeDep ROOT iconv-lite@0.7.3 OK for: body-parser@2.3.0 want: ^0.7.2
375 silly placeDep ROOT raw-body@3.0.2 OK for: body-parser@2.3.0 want: ^3.0.2
376 silly fetch manifest safer-buffer@>= 2.1.2 < 3.0.0
377 silly packumentCache full:https://registry.npmjs.org/safer-buffer cache-miss
378 silly fetch manifest unpipe@~1.0.0
379 silly packumentCache full:https://registry.npmjs.org/unpipe cache-miss
380 http fetch GET 200 https://registry.npmjs.org/unpipe 40ms (cache miss)
381 silly packumentCache full:https://registry.npmjs.org/unpipe set size:undefined disposed:false
382 http fetch GET 200 https://registry.npmjs.org/safer-buffer 41ms (cache miss)
383 silly packumentCache full:https://registry.npmjs.org/safer-buffer set size:undefined disposed:false
384 silly placeDep ROOT ms@2.1.3 OK for: debug@4.4.3 want: ^2.1.3
385 silly placeDep ROOT inherits@2.0.4 OK for: http-errors@2.0.1 want: ~2.0.4
386 silly placeDep ROOT setprototypeof@1.2.0 OK for: http-errors@2.0.1 want: ~1.2.0
387 silly placeDep ROOT toidentifier@1.0.1 OK for: http-errors@2.0.1 want: ~1.0.1
388 silly placeDep ROOT safer-buffer@2.1.2 OK for: iconv-lite@0.7.3 want: >= 2.1.2 < 3.0.0
389 silly placeDep ROOT jws@4.0.1 OK for: jsonwebtoken@9.0.3 want: ^4.0.1
390 silly placeDep ROOT lodash.includes@4.3.0 OK for: jsonwebtoken@9.0.3 want: ^4.3.0
391 silly placeDep ROOT lodash.isboolean@3.0.3 OK for: jsonwebtoken@9.0.3 want: ^3.0.3
392 silly placeDep ROOT lodash.isinteger@4.0.4 OK for: jsonwebtoken@9.0.3 want: ^4.0.4
393 silly placeDep ROOT lodash.isnumber@3.0.3 OK for: jsonwebtoken@9.0.3 want: ^3.0.3
394 silly placeDep ROOT lodash.isplainobject@4.0.6 OK for: jsonwebtoken@9.0.3 want: ^4.0.6
395 silly placeDep ROOT lodash.isstring@4.0.1 OK for: jsonwebtoken@9.0.3 want: ^4.0.1
396 silly placeDep ROOT lodash.once@4.1.1 OK for: jsonwebtoken@9.0.3 want: ^4.0.0
397 silly placeDep ROOT semver@7.8.5 OK for: jsonwebtoken@9.0.3 want: ^7.5.4
398 silly fetch manifest jwa@^2.0.1
399 silly packumentCache full:https://registry.npmjs.org/jwa cache-miss
400 silly fetch manifest safe-buffer@^5.0.1
401 silly packumentCache full:https://registry.npmjs.org/safe-buffer cache-miss
402 http fetch GET 200 https://registry.npmjs.org/jwa 59ms (cache miss)
403 silly packumentCache full:https://registry.npmjs.org/jwa set size:undefined disposed:false
404 http fetch GET 200 https://registry.npmjs.org/safe-buffer 59ms (cache miss)
405 silly packumentCache full:https://registry.npmjs.org/safe-buffer set size:undefined disposed:false
406 silly placeDep ROOT jwa@2.0.1 OK for: jws@4.0.1 want: ^2.0.1
407 silly placeDep ROOT safe-buffer@5.2.1 OK for: jws@4.0.1 want: ^5.0.1
408 silly fetch manifest ecdsa-sig-formatter@1.0.11
409 silly packumentCache full:https://registry.npmjs.org/ecdsa-sig-formatter cache-miss
410 silly fetch manifest buffer-equal-constant-time@^1.0.1
411 silly packumentCache full:https://registry.npmjs.org/buffer-equal-constant-time cache-miss
412 http fetch GET 200 https://registry.npmjs.org/ecdsa-sig-formatter 37ms (cache miss)
413 silly packumentCache full:https://registry.npmjs.org/ecdsa-sig-formatter set size:undefined disposed:false
414 http fetch GET 200 https://registry.npmjs.org/buffer-equal-constant-time 37ms (cache miss)
415 silly packumentCache full:https://registry.npmjs.org/buffer-equal-constant-time set size:undefined disposed:false
416 silly placeDep ROOT buffer-equal-constant-time@1.0.1 OK for: jwa@2.0.1 want: ^1.0.1
417 silly placeDep ROOT ecdsa-sig-formatter@1.0.11 OK for: jwa@2.0.1 want: 1.0.11
418 silly placeDep ROOT mime-db@1.54.0 OK for: mime-types@3.0.2 want: ^1.54.0
419 silly placeDep ROOT append-field@1.0.0 OK for: multer@2.2.0 want: ^1.0.0
420 silly placeDep ROOT busboy@1.6.0 OK for: multer@2.2.0 want: ^1.6.0
421 silly placeDep ROOT concat-stream@2.0.0 OK for: multer@2.2.0 want: ^2.0.0
422 silly placeDep node_modules/multer type-is@1.6.18 OK for: multer@2.2.0 want: ^1.6.18
423 silly fetch manifest streamsearch@^1.1.0
424 silly packumentCache full:https://registry.npmjs.org/streamsearch cache-miss
425 silly fetch manifest buffer-from@^1.0.0
426 silly packumentCache full:https://registry.npmjs.org/buffer-from cache-miss
427 silly fetch manifest readable-stream@^3.0.2
428 silly packumentCache full:https://registry.npmjs.org/readable-stream cache-miss
429 silly fetch manifest typedarray@^0.0.6
430 silly packumentCache full:https://registry.npmjs.org/typedarray cache-miss
431 silly fetch manifest mime-types@~2.1.24
432 silly packumentCache full:https://registry.npmjs.org/mime-types cache-miss
433 silly fetch manifest media-typer@0.3.0
434 silly packumentCache full:https://registry.npmjs.org/media-typer cache-miss
435 http cache https://registry.npmjs.org/mime-types 5ms (cache hit)
436 silly packumentCache full:https://registry.npmjs.org/mime-types set size:139110 disposed:false
437 http cache https://registry.npmjs.org/media-typer 6ms (cache hit)
438 silly packumentCache full:https://registry.npmjs.org/media-typer set size:22074 disposed:false
439 http fetch GET 200 https://registry.npmjs.org/buffer-from 41ms (cache miss)
440 silly packumentCache full:https://registry.npmjs.org/buffer-from set size:undefined disposed:false
441 http fetch GET 200 https://registry.npmjs.org/streamsearch 42ms (cache miss)
442 silly packumentCache full:https://registry.npmjs.org/streamsearch set size:undefined disposed:false
443 http fetch GET 200 https://registry.npmjs.org/typedarray 48ms (cache miss)
444 silly packumentCache full:https://registry.npmjs.org/typedarray set size:undefined disposed:false
445 http fetch GET 200 https://registry.npmjs.org/readable-stream 52ms (cache miss)
446 silly packumentCache full:https://registry.npmjs.org/readable-stream set size:undefined disposed:false
447 silly placeDep ROOT streamsearch@1.1.0 OK for: busboy@1.6.0 want: ^1.1.0
448 silly placeDep ROOT buffer-from@1.1.2 OK for: concat-stream@2.0.0 want: ^1.0.0
449 silly placeDep ROOT readable-stream@3.6.2 OK for: concat-stream@2.0.0 want: ^3.0.2
450 silly placeDep ROOT typedarray@0.0.6 OK for: concat-stream@2.0.0 want: ^0.0.6
451 silly fetch manifest string_decoder@^1.1.1
452 silly packumentCache full:https://registry.npmjs.org/string_decoder cache-miss
453 silly fetch manifest util-deprecate@^1.0.1
454 silly packumentCache full:https://registry.npmjs.org/util-deprecate cache-miss
455 http fetch GET 200 https://registry.npmjs.org/util-deprecate 38ms (cache miss)
456 silly packumentCache full:https://registry.npmjs.org/util-deprecate set size:undefined disposed:false
457 http fetch GET 200 https://registry.npmjs.org/string_decoder 45ms (cache miss)
458 silly packumentCache full:https://registry.npmjs.org/string_decoder set size:undefined disposed:false
459 silly placeDep ROOT ee-first@1.1.1 OK for: on-finished@2.4.1 want: 1.1.1
460 silly placeDep ROOT wrappy@1.0.2 OK for: once@1.4.0 want: 1
461 silly placeDep ROOT forwarded@0.2.0 OK for: proxy-addr@2.0.7 want: 0.2.0
462 silly placeDep ROOT ipaddr.js@1.9.1 OK for: proxy-addr@2.0.7 want: 1.9.1
463 silly placeDep ROOT es-define-property@1.0.1 OK for: qs@6.15.3 want: ^1.0.1
464 silly placeDep ROOT side-channel@1.1.1 OK for: qs@6.15.3 want: ^1.1.1
465 silly fetch manifest es-errors@^1.3.0
466 silly packumentCache full:https://registry.npmjs.org/es-errors cache-miss
467 silly fetch manifest object-inspect@^1.13.4
468 silly packumentCache full:https://registry.npmjs.org/object-inspect cache-miss
469 silly fetch manifest side-channel-list@^1.0.1
470 silly packumentCache full:https://registry.npmjs.org/side-channel-list cache-miss
471 silly fetch manifest side-channel-map@^1.0.1
472 silly packumentCache full:https://registry.npmjs.org/side-channel-map cache-miss
473 silly fetch manifest side-channel-weakmap@^1.0.2
474 silly packumentCache full:https://registry.npmjs.org/side-channel-weakmap cache-miss
475 http fetch GET 200 https://registry.npmjs.org/side-channel-list 41ms (cache miss)
476 silly packumentCache full:https://registry.npmjs.org/side-channel-list set size:undefined disposed:false
477 http fetch GET 200 https://registry.npmjs.org/side-channel-weakmap 42ms (cache miss)
478 silly packumentCache full:https://registry.npmjs.org/side-channel-weakmap set size:undefined disposed:false
479 http fetch GET 200 https://registry.npmjs.org/es-errors 43ms (cache miss)
480 silly packumentCache full:https://registry.npmjs.org/es-errors set size:undefined disposed:false
481 http fetch GET 200 https://registry.npmjs.org/side-channel-map 52ms (cache miss)
482 silly packumentCache full:https://registry.npmjs.org/side-channel-map set size:undefined disposed:false
483 http fetch GET 200 https://registry.npmjs.org/object-inspect 53ms (cache miss)
484 silly packumentCache full:https://registry.npmjs.org/object-inspect set size:undefined disposed:false
485 silly placeDep ROOT unpipe@1.0.0 OK for: raw-body@3.0.2 want: ~1.0.0
486 silly placeDep ROOT string_decoder@1.3.0 OK for: readable-stream@3.6.2 want: ^1.1.1
487 silly placeDep ROOT util-deprecate@1.0.2 OK for: readable-stream@3.6.2 want: ^1.0.1
488 silly placeDep ROOT is-promise@4.0.0 OK for: router@2.2.0 want: ^4.0.0
489 silly placeDep ROOT path-to-regexp@8.4.2 OK for: router@2.2.0 want: ^8.0.0
490 silly placeDep ROOT es-errors@1.3.0 OK for: side-channel@1.1.1 want: ^1.3.0
491 silly placeDep ROOT object-inspect@1.13.4 OK for: side-channel@1.1.1 want: ^1.13.4
492 silly placeDep ROOT side-channel-list@1.0.1 OK for: side-channel@1.1.1 want: ^1.0.1
493 silly placeDep ROOT side-channel-map@1.0.1 OK for: side-channel@1.1.1 want: ^1.0.1
494 silly placeDep ROOT side-channel-weakmap@1.0.2 OK for: side-channel@1.1.1 want: ^1.0.2
495 silly fetch manifest call-bound@^1.0.2
496 silly packumentCache full:https://registry.npmjs.org/call-bound cache-miss
497 silly fetch manifest get-intrinsic@^1.2.5
498 silly packumentCache full:https://registry.npmjs.org/get-intrinsic cache-miss
499 silly fetch manifest call-bound@^1.0.2
500 silly packumentCache full:https://registry.npmjs.org/call-bound cache-miss
501 silly fetch manifest get-intrinsic@^1.2.5
502 silly packumentCache full:https://registry.npmjs.org/get-intrinsic cache-miss
503 http fetch GET 200 https://registry.npmjs.org/call-bound 91ms (cache miss)
504 silly packumentCache full:https://registry.npmjs.org/call-bound set size:undefined disposed:false
505 http fetch GET 200 https://registry.npmjs.org/call-bound 111ms (cache miss)
506 silly packumentCache full:https://registry.npmjs.org/call-bound set size:undefined disposed:false
507 http fetch GET 200 https://registry.npmjs.org/get-intrinsic 112ms (cache miss)
508 silly packumentCache full:https://registry.npmjs.org/get-intrinsic set size:undefined disposed:false
509 http fetch GET 200 https://registry.npmjs.org/get-intrinsic 130ms (cache miss)
510 silly packumentCache full:https://registry.npmjs.org/get-intrinsic set size:undefined disposed:false
511 silly placeDep ROOT call-bound@1.0.4 OK for: side-channel-map@1.0.1 want: ^1.0.2
512 silly placeDep ROOT get-intrinsic@1.3.0 OK for: side-channel-map@1.0.1 want: ^1.2.5
513 silly fetch manifest call-bind-apply-helpers@^1.0.2
514 silly packumentCache full:https://registry.npmjs.org/call-bind-apply-helpers cache-miss
515 silly fetch manifest get-intrinsic@^1.3.0
516 silly packumentCache full:https://registry.npmjs.org/get-intrinsic cache-miss
517 silly fetch manifest gopd@^1.2.0
518 silly packumentCache full:https://registry.npmjs.org/gopd cache-miss
519 silly fetch manifest hasown@^2.0.2
520 silly packumentCache full:https://registry.npmjs.org/hasown cache-miss
521 silly fetch manifest get-proto@^1.0.1
522 silly packumentCache full:https://registry.npmjs.org/get-proto cache-miss
523 silly fetch manifest has-symbols@^1.1.0
524 silly packumentCache full:https://registry.npmjs.org/has-symbols cache-miss
525 silly fetch manifest function-bind@^1.1.2
526 silly packumentCache full:https://registry.npmjs.org/function-bind cache-miss
527 http cache https://registry.npmjs.org/get-intrinsic 7ms (cache hit)
528 silly packumentCache full:https://registry.npmjs.org/get-intrinsic set size:60985 disposed:false
529 silly fetch manifest es-object-atoms@^1.1.1
530 silly packumentCache full:https://registry.npmjs.org/es-object-atoms cache-miss
531 http fetch GET 200 https://registry.npmjs.org/call-bind-apply-helpers 47ms (cache miss)
532 silly packumentCache full:https://registry.npmjs.org/call-bind-apply-helpers set size:undefined disposed:false
533 silly fetch manifest math-intrinsics@^1.1.0
534 silly packumentCache full:https://registry.npmjs.org/math-intrinsics cache-miss
535 http fetch GET 200 https://registry.npmjs.org/hasown 47ms (cache miss)
536 silly packumentCache full:https://registry.npmjs.org/hasown set size:undefined disposed:false
537 http fetch GET 200 https://registry.npmjs.org/get-proto 50ms (cache miss)
538 silly packumentCache full:https://registry.npmjs.org/get-proto set size:undefined disposed:false
539 http fetch GET 200 https://registry.npmjs.org/gopd 51ms (cache miss)
540 silly packumentCache full:https://registry.npmjs.org/gopd set size:undefined disposed:false
541 http fetch GET 200 https://registry.npmjs.org/function-bind 51ms (cache miss)
542 silly packumentCache full:https://registry.npmjs.org/function-bind set size:undefined disposed:false
543 http fetch GET 200 https://registry.npmjs.org/es-object-atoms 44ms (cache miss)
544 silly packumentCache full:https://registry.npmjs.org/es-object-atoms set size:undefined disposed:false
545 http fetch GET 200 https://registry.npmjs.org/has-symbols 53ms (cache miss)
546 silly packumentCache full:https://registry.npmjs.org/has-symbols set size:undefined disposed:false
547 http fetch GET 200 https://registry.npmjs.org/math-intrinsics 39ms (cache miss)
548 silly packumentCache full:https://registry.npmjs.org/math-intrinsics set size:undefined disposed:false
549 silly placeDep ROOT call-bind-apply-helpers@1.0.2 OK for: call-bound@1.0.4 want: ^1.0.2
550 silly placeDep ROOT function-bind@1.1.2 OK for: call-bind-apply-helpers@1.0.2 want: ^1.1.2
551 silly placeDep ROOT es-object-atoms@1.1.2 OK for: get-intrinsic@1.3.0 want: ^1.1.1
552 silly placeDep ROOT get-proto@1.0.1 OK for: get-intrinsic@1.3.0 want: ^1.0.1
553 silly placeDep ROOT gopd@1.2.0 OK for: get-intrinsic@1.3.0 want: ^1.2.0
554 silly placeDep ROOT has-symbols@1.1.0 OK for: get-intrinsic@1.3.0 want: ^1.1.0
555 silly placeDep ROOT hasown@2.0.4 OK for: get-intrinsic@1.3.0 want: ^2.0.2
556 silly placeDep ROOT math-intrinsics@1.1.0 OK for: get-intrinsic@1.3.0 want: ^1.1.0
557 silly fetch manifest dunder-proto@^1.0.1
558 silly packumentCache full:https://registry.npmjs.org/dunder-proto cache-miss
559 http fetch GET 200 https://registry.npmjs.org/dunder-proto 47ms (cache miss)
560 silly packumentCache full:https://registry.npmjs.org/dunder-proto set size:undefined disposed:false
561 silly placeDep ROOT dunder-proto@1.0.1 OK for: get-proto@1.0.1 want: ^1.0.1
562 silly placeDep ROOT bindings@1.5.0 OK for: sqlite3@6.0.1 want: ^1.5.0
563 silly placeDep ROOT node-addon-api@8.9.1 OK for: sqlite3@6.0.1 want: ^8.0.0
564 silly placeDep ROOT node-gyp@12.4.0 OK for: sqlite3@6.0.1 want: 12.x
565 silly placeDep ROOT prebuild-install@7.1.3 OK for: sqlite3@6.0.1 want: ^7.1.3
566 silly placeDep ROOT tar@7.5.22 OK for: sqlite3@6.0.1 want: ^7.5.10
567 silly fetch manifest file-uri-to-path@1.0.0
568 silly packumentCache full:https://registry.npmjs.org/file-uri-to-path cache-miss
569 silly fetch manifest tar@^7.5.4
570 silly packumentCache full:https://registry.npmjs.org/tar cache-miss
571 silly fetch manifest nopt@^9.0.0
572 silly packumentCache full:https://registry.npmjs.org/nopt cache-miss
573 silly fetch manifest which@^6.0.0
574 silly packumentCache full:https://registry.npmjs.org/which cache-miss
575 silly fetch manifest undici@^6.25.0
576 silly packumentCache full:https://registry.npmjs.org/undici cache-miss
577 silly fetch manifest proc-log@^6.0.0
578 silly packumentCache full:https://registry.npmjs.org/proc-log cache-miss
579 silly fetch manifest env-paths@^2.2.0
580 silly packumentCache full:https://registry.npmjs.org/env-paths cache-miss
581 http cache https://registry.npmjs.org/tar 7ms (cache hit)
582 silly packumentCache full:https://registry.npmjs.org/tar set size:591769 disposed:false
583 silly fetch manifest tinyglobby@^0.2.12
584 silly packumentCache full:https://registry.npmjs.org/tinyglobby cache-miss
585 http fetch GET 200 https://registry.npmjs.org/file-uri-to-path 42ms (cache miss)
586 silly packumentCache full:https://registry.npmjs.org/file-uri-to-path set size:undefined disposed:false
587 silly fetch manifest graceful-fs@^4.2.6
588 silly packumentCache full:https://registry.npmjs.org/graceful-fs cache-miss
589 http fetch GET 200 https://registry.npmjs.org/env-paths 47ms (cache miss)
590 silly packumentCache full:https://registry.npmjs.org/env-paths set size:undefined disposed:false
591 silly fetch manifest exponential-backoff@^3.1.1
592 silly packumentCache full:https://registry.npmjs.org/exponential-backoff cache-miss
593 http fetch GET 200 https://registry.npmjs.org/nopt 49ms (cache miss)
594 silly packumentCache full:https://registry.npmjs.org/nopt set size:undefined disposed:false
595 silly fetch manifest rc@^1.2.7
596 silly packumentCache full:https://registry.npmjs.org/rc cache-miss
597 http fetch GET 200 https://registry.npmjs.org/tinyglobby 43ms (cache miss)
598 silly packumentCache full:https://registry.npmjs.org/tinyglobby set size:undefined disposed:false
599 silly fetch manifest pump@^3.0.0
600 silly packumentCache full:https://registry.npmjs.org/pump cache-miss
601 http fetch GET 200 https://registry.npmjs.org/proc-log 54ms (cache miss)
602 silly packumentCache full:https://registry.npmjs.org/proc-log set size:undefined disposed:false
603 silly fetch manifest tar-fs@^2.0.0
604 silly packumentCache full:https://registry.npmjs.org/tar-fs cache-miss
605 http fetch GET 200 https://registry.npmjs.org/which 57ms (cache miss)
606 silly packumentCache full:https://registry.npmjs.org/which set size:undefined disposed:false
607 silly fetch manifest minimist@^1.2.3
608 silly packumentCache full:https://registry.npmjs.org/minimist cache-miss
609 http fetch GET 200 https://registry.npmjs.org/undici 307ms (cache miss)
610 silly packumentCache full:https://registry.npmjs.org/undici set size:undefined disposed:false
611 silly fetch manifest node-abi@^3.3.0
612 silly packumentCache full:https://registry.npmjs.org/node-abi cache-miss
613 http fetch GET 200 https://registry.npmjs.org/pump 266ms (cache miss)
614 silly packumentCache full:https://registry.npmjs.org/pump set size:undefined disposed:false
615 silly fetch manifest simple-get@^4.0.0
616 silly packumentCache full:https://registry.npmjs.org/simple-get cache-miss
617 http fetch GET 200 https://registry.npmjs.org/minimist 265ms (cache miss)
618 silly packumentCache full:https://registry.npmjs.org/minimist set size:undefined disposed:false
619 silly fetch manifest detect-libc@^2.0.0
620 silly packumentCache full:https://registry.npmjs.org/detect-libc cache-miss
621 http fetch GET 200 https://registry.npmjs.org/exponential-backoff 276ms (cache miss)
622 silly packumentCache full:https://registry.npmjs.org/exponential-backoff set size:undefined disposed:false
623 silly fetch manifest tunnel-agent@^0.6.0
624 silly packumentCache full:https://registry.npmjs.org/tunnel-agent cache-miss
625 http fetch GET 200 https://registry.npmjs.org/graceful-fs 284ms (cache miss)
626 silly packumentCache full:https://registry.npmjs.org/graceful-fs set size:undefined disposed:false
627 silly fetch manifest mkdirp-classic@^0.5.3
628 silly packumentCache full:https://registry.npmjs.org/mkdirp-classic cache-miss
629 http fetch GET 200 https://registry.npmjs.org/rc 277ms (cache miss)
630 silly packumentCache full:https://registry.npmjs.org/rc set size:undefined disposed:false
631 silly fetch manifest expand-template@^2.0.3
632 silly packumentCache full:https://registry.npmjs.org/expand-template cache-miss
633 http fetch GET 200 https://registry.npmjs.org/tar-fs 275ms (cache miss)
634 silly packumentCache full:https://registry.npmjs.org/tar-fs set size:undefined disposed:false
635 silly fetch manifest napi-build-utils@^2.0.0
636 silly packumentCache full:https://registry.npmjs.org/napi-build-utils cache-miss
637 http fetch GET 200 https://registry.npmjs.org/detect-libc 41ms (cache miss)
638 silly packumentCache full:https://registry.npmjs.org/detect-libc set size:undefined disposed:false
639 silly fetch manifest github-from-package@0.0.0
640 silly packumentCache full:https://registry.npmjs.org/github-from-package cache-miss
641 http fetch GET 200 https://registry.npmjs.org/tunnel-agent 43ms (cache miss)
642 silly packumentCache full:https://registry.npmjs.org/tunnel-agent set size:undefined disposed:false
643 silly fetch manifest chownr@^3.0.0
644 silly packumentCache full:https://registry.npmjs.org/chownr cache-miss
645 http fetch GET 200 https://registry.npmjs.org/simple-get 49ms (cache miss)
646 silly packumentCache full:https://registry.npmjs.org/simple-get set size:undefined disposed:false
647 silly fetch manifest yallist@^5.0.0
648 silly packumentCache full:https://registry.npmjs.org/yallist cache-miss
649 http fetch GET 200 https://registry.npmjs.org/mkdirp-classic 53ms (cache miss)
650 silly packumentCache full:https://registry.npmjs.org/mkdirp-classic set size:undefined disposed:false
651 silly fetch manifest minipass@^7.1.2
652 silly packumentCache full:https://registry.npmjs.org/minipass cache-miss
653 http fetch GET 200 https://registry.npmjs.org/napi-build-utils 51ms (cache miss)
654 silly packumentCache full:https://registry.npmjs.org/napi-build-utils set size:undefined disposed:false
655 silly fetch manifest minizlib@^3.1.0
656 silly packumentCache full:https://registry.npmjs.org/minizlib cache-miss
657 http fetch GET 200 https://registry.npmjs.org/expand-template 54ms (cache miss)
658 silly packumentCache full:https://registry.npmjs.org/expand-template set size:undefined disposed:false
659 silly fetch manifest @isaacs/fs-minipass@^4.0.0
660 silly packumentCache full:https://registry.npmjs.org/@isaacs%2ffs-minipass cache-miss
661 http fetch GET 200 https://registry.npmjs.org/node-abi 65ms (cache miss)
662 silly packumentCache full:https://registry.npmjs.org/node-abi set size:undefined disposed:false
663 http fetch GET 200 https://registry.npmjs.org/chownr 38ms (cache miss)
664 silly packumentCache full:https://registry.npmjs.org/chownr set size:undefined disposed:false
665 http fetch GET 200 https://registry.npmjs.org/github-from-package 49ms (cache miss)
666 silly packumentCache full:https://registry.npmjs.org/github-from-package set size:undefined disposed:false
667 http fetch GET 200 https://registry.npmjs.org/yallist 45ms (cache miss)
668 silly packumentCache full:https://registry.npmjs.org/yallist set size:undefined disposed:false
669 http fetch GET 200 https://registry.npmjs.org/@isaacs%2ffs-minipass 76ms (cache miss)
670 silly packumentCache full:https://registry.npmjs.org/@isaacs%2ffs-minipass set size:undefined disposed:false
671 http fetch GET 200 https://registry.npmjs.org/minipass 79ms (cache miss)
672 silly packumentCache full:https://registry.npmjs.org/minipass set size:undefined disposed:false
673 http fetch GET 200 https://registry.npmjs.org/minizlib 255ms (cache miss)
674 silly packumentCache full:https://registry.npmjs.org/minizlib set size:undefined disposed:false
675 silly placeDep ROOT file-uri-to-path@1.0.0 OK for: bindings@1.5.0 want: 1.0.0
676 silly placeDep ROOT env-paths@2.2.1 OK for: node-gyp@12.4.0 want: ^2.2.0
677 silly placeDep ROOT exponential-backoff@3.1.3 OK for: node-gyp@12.4.0 want: ^3.1.1
678 silly placeDep ROOT graceful-fs@4.2.11 OK for: node-gyp@12.4.0 want: ^4.2.6
679 silly placeDep ROOT nopt@9.0.0 OK for: node-gyp@12.4.0 want: ^9.0.0
680 silly placeDep ROOT proc-log@6.1.0 OK for: node-gyp@12.4.0 want: ^6.0.0
681 silly placeDep ROOT tinyglobby@0.2.17 OK for: node-gyp@12.4.0 want: ^0.2.12
682 silly placeDep ROOT undici@6.28.0 OK for: node-gyp@12.4.0 want: ^6.25.0
683 silly placeDep ROOT which@6.0.1 OK for: node-gyp@12.4.0 want: ^6.0.0
684 silly fetch manifest abbrev@^4.0.0
685 silly packumentCache full:https://registry.npmjs.org/abbrev cache-miss
686 silly fetch manifest fdir@^6.5.0
687 silly packumentCache full:https://registry.npmjs.org/fdir cache-miss
688 silly fetch manifest picomatch@^4.0.4
689 silly packumentCache full:https://registry.npmjs.org/picomatch cache-miss
690 silly fetch manifest isexe@^4.0.0
691 silly packumentCache full:https://registry.npmjs.org/isexe cache-miss
692 http fetch GET 200 https://registry.npmjs.org/isexe 47ms (cache miss)
693 silly packumentCache full:https://registry.npmjs.org/isexe set size:undefined disposed:false
694 http fetch GET 200 https://registry.npmjs.org/picomatch 61ms (cache miss)
695 silly packumentCache full:https://registry.npmjs.org/picomatch set size:undefined disposed:false
696 http fetch GET 200 https://registry.npmjs.org/abbrev 64ms (cache miss)
697 silly packumentCache full:https://registry.npmjs.org/abbrev set size:undefined disposed:false
698 http fetch GET 200 https://registry.npmjs.org/fdir 65ms (cache miss)
699 silly packumentCache full:https://registry.npmjs.org/fdir set size:undefined disposed:false
700 silly placeDep ROOT abbrev@4.0.0 OK for: nopt@9.0.0 want: ^4.0.0
701 silly placeDep ROOT detect-libc@2.1.2 OK for: prebuild-install@7.1.3 want: ^2.0.0
702 silly placeDep ROOT expand-template@2.0.3 OK for: prebuild-install@7.1.3 want: ^2.0.3
703 silly placeDep ROOT github-from-package@0.0.0 OK for: prebuild-install@7.1.3 want: 0.0.0
704 silly placeDep ROOT minimist@1.2.8 OK for: prebuild-install@7.1.3 want: ^1.2.3
705 silly placeDep ROOT mkdirp-classic@0.5.3 OK for: prebuild-install@7.1.3 want: ^0.5.3
706 silly placeDep ROOT napi-build-utils@2.0.0 OK for: prebuild-install@7.1.3 want: ^2.0.0
707 silly placeDep ROOT node-abi@3.94.0 OK for: prebuild-install@7.1.3 want: ^3.3.0
708 silly placeDep ROOT pump@3.0.4 OK for: prebuild-install@7.1.3 want: ^3.0.0
709 silly placeDep ROOT rc@1.2.8 OK for: prebuild-install@7.1.3 want: ^1.2.7
710 silly placeDep ROOT simple-get@4.0.1 OK for: prebuild-install@7.1.3 want: ^4.0.0
711 silly placeDep ROOT tar-fs@2.1.5 OK for: prebuild-install@7.1.3 want: ^2.0.0
712 silly placeDep ROOT tunnel-agent@0.6.0 OK for: prebuild-install@7.1.3 want: ^0.6.0
713 silly fetch manifest end-of-stream@^1.1.0
714 silly packumentCache full:https://registry.npmjs.org/end-of-stream cache-miss
715 silly fetch manifest ini@~1.3.0
716 silly packumentCache full:https://registry.npmjs.org/ini cache-miss
717 silly fetch manifest deep-extend@^0.6.0
718 silly packumentCache full:https://registry.npmjs.org/deep-extend cache-miss
719 silly fetch manifest strip-json-comments@~2.0.1
720 silly packumentCache full:https://registry.npmjs.org/strip-json-comments cache-miss
721 silly fetch manifest decompress-response@^6.0.0
722 silly packumentCache full:https://registry.npmjs.org/decompress-response cache-miss
723 silly fetch manifest simple-concat@^1.0.0
724 silly packumentCache full:https://registry.npmjs.org/simple-concat cache-miss
725 silly fetch manifest chownr@^1.1.1
726 silly packumentCache full:https://registry.npmjs.org/chownr cache-miss
727 http cache https://registry.npmjs.org/chownr 4ms (cache hit)
728 silly packumentCache full:https://registry.npmjs.org/chownr set size:22157 disposed:false
729 silly fetch manifest tar-stream@^2.1.4
730 silly packumentCache full:https://registry.npmjs.org/tar-stream cache-miss
731 http fetch GET 200 https://registry.npmjs.org/simple-concat 44ms (cache miss)
732 silly packumentCache full:https://registry.npmjs.org/simple-concat set size:undefined disposed:false
733 http fetch GET 200 https://registry.npmjs.org/strip-json-comments 45ms (cache miss)
734 silly packumentCache full:https://registry.npmjs.org/strip-json-comments set size:undefined disposed:false
735 http fetch GET 200 https://registry.npmjs.org/deep-extend 47ms (cache miss)
736 silly packumentCache full:https://registry.npmjs.org/deep-extend set size:undefined disposed:false
737 http fetch GET 200 https://registry.npmjs.org/decompress-response 48ms (cache miss)
738 silly packumentCache full:https://registry.npmjs.org/decompress-response set size:undefined disposed:false
739 http fetch GET 200 https://registry.npmjs.org/ini 50ms (cache miss)
740 silly packumentCache full:https://registry.npmjs.org/ini set size:undefined disposed:false
741 http fetch GET 200 https://registry.npmjs.org/tar-stream 77ms (cache miss)
742 silly packumentCache full:https://registry.npmjs.org/tar-stream set size:undefined disposed:false
743 http fetch GET 200 https://registry.npmjs.org/end-of-stream 231ms (cache miss)
744 silly packumentCache full:https://registry.npmjs.org/end-of-stream set size:undefined disposed:false
745 silly placeDep ROOT end-of-stream@1.4.5 OK for: pump@3.0.4 want: ^1.1.0
746 silly placeDep ROOT deep-extend@0.6.0 OK for: rc@1.2.8 want: ^0.6.0
747 silly placeDep ROOT ini@1.3.8 OK for: rc@1.2.8 want: ~1.3.0
748 silly placeDep ROOT strip-json-comments@2.0.1 OK for: rc@1.2.8 want: ~2.0.1
749 silly placeDep ROOT decompress-response@6.0.0 OK for: simple-get@4.0.1 want: ^6.0.0
750 silly placeDep ROOT simple-concat@1.0.1 OK for: simple-get@4.0.1 want: ^1.0.0
751 silly fetch manifest mimic-response@^3.1.0
752 silly packumentCache full:https://registry.npmjs.org/mimic-response cache-miss
753 http fetch GET 200 https://registry.npmjs.org/mimic-response 46ms (cache miss)
754 silly packumentCache full:https://registry.npmjs.org/mimic-response set size:undefined disposed:false
755 silly placeDep ROOT mimic-response@3.1.0 OK for: decompress-response@6.0.0 want: ^3.1.0
756 silly placeDep ROOT @isaacs/fs-minipass@4.0.1 OK for: tar@7.5.22 want: ^4.0.0
757 silly placeDep ROOT chownr@3.0.0 OK for: tar@7.5.22 want: ^3.0.0
758 silly placeDep ROOT minipass@7.1.3 OK for: tar@7.5.22 want: ^7.1.2
759 silly placeDep ROOT minizlib@3.1.0 OK for: tar@7.5.22 want: ^3.1.0
760 silly placeDep ROOT yallist@5.0.0 OK for: tar@7.5.22 want: ^5.0.0
761 silly fetch manifest minipass@^7.0.4
762 silly packumentCache full:https://registry.npmjs.org/minipass cache-miss
763 http cache https://registry.npmjs.org/minipass 3ms (cache hit)
764 silly packumentCache full:https://registry.npmjs.org/minipass set size:276925 disposed:false
765 silly placeDep node_modules/tar-fs chownr@1.1.4 OK for: tar-fs@2.1.5 want: ^1.1.1
766 silly placeDep ROOT tar-stream@2.2.0 OK for: tar-fs@2.1.5 want: ^2.1.4
767 silly fetch manifest bl@^4.0.3
768 silly packumentCache full:https://registry.npmjs.org/bl cache-miss
769 silly fetch manifest fs-constants@^1.0.0
770 silly packumentCache full:https://registry.npmjs.org/fs-constants cache-miss
771 http fetch GET 200 https://registry.npmjs.org/fs-constants 39ms (cache miss)
772 silly packumentCache full:https://registry.npmjs.org/fs-constants set size:undefined disposed:false
773 http fetch GET 200 https://registry.npmjs.org/bl 49ms (cache miss)
774 silly packumentCache full:https://registry.npmjs.org/bl set size:undefined disposed:false
775 silly placeDep ROOT bl@4.1.0 OK for: tar-stream@2.2.0 want: ^4.0.3
776 silly placeDep ROOT fs-constants@1.0.0 OK for: tar-stream@2.2.0 want: ^1.0.0
777 silly fetch manifest buffer@^5.5.0
778 silly packumentCache full:https://registry.npmjs.org/buffer cache-miss
779 http fetch GET 200 https://registry.npmjs.org/buffer 51ms (cache miss)
780 silly packumentCache full:https://registry.npmjs.org/buffer set size:undefined disposed:false
781 silly placeDep ROOT buffer@5.7.1 OK for: bl@4.1.0 want: ^5.5.0
782 silly fetch manifest base64-js@^1.3.1
783 silly packumentCache full:https://registry.npmjs.org/base64-js cache-miss
784 silly fetch manifest ieee754@^1.1.13
785 silly packumentCache full:https://registry.npmjs.org/ieee754 cache-miss
786 http fetch GET 200 https://registry.npmjs.org/base64-js 44ms (cache miss)
787 silly packumentCache full:https://registry.npmjs.org/base64-js set size:undefined disposed:false
788 http fetch GET 200 https://registry.npmjs.org/ieee754 57ms (cache miss)
789 silly packumentCache full:https://registry.npmjs.org/ieee754 set size:undefined disposed:false
790 silly placeDep ROOT base64-js@1.5.1 OK for: buffer@5.7.1 want: ^1.3.1
791 silly placeDep ROOT ieee754@1.2.1 OK for: buffer@5.7.1 want: ^1.1.13
792 silly placeDep ROOT fdir@6.5.0 OK for: tinyglobby@0.2.17 want: ^6.5.0
793 silly placeDep ROOT picomatch@4.0.5 OK for: tinyglobby@0.2.17 want: ^4.0.4
794 silly placeDep node_modules/type-is content-type@2.0.0 OK for: type-is@2.1.0 want: ^2.0.0
795 silly placeDep ROOT media-typer@1.1.1 OK for: type-is@2.1.0 want: ^1.1.0
796 silly placeDep ROOT isexe@4.0.0 OK for: which@6.0.1 want: ^4.0.0
797 silly placeDep node_modules/multer media-typer@0.3.0 OK for: type-is@1.6.18 want: 0.3.0
798 silly placeDep node_modules/multer mime-types@2.1.35 OK for: type-is@1.6.18 want: ~2.1.24
799 silly fetch manifest mime-db@1.52.0
800 silly packumentCache full:https://registry.npmjs.org/mime-db cache-miss
801 http cache https://registry.npmjs.org/mime-db 5ms (cache hit)
802 silly packumentCache full:https://registry.npmjs.org/mime-db set size:164953 disposed:false
803 silly placeDep node_modules/multer mime-db@1.52.0 OK for: mime-types@2.1.35 want: 1.52.0
804 silly reify moves {}
805 silly audit bulk request {
805 silly audit   bcryptjs: [ '3.0.3' ],
805 silly audit   cors: [ '2.8.6' ],
805 silly audit   express: [ '5.2.1' ],
805 silly audit   jsonwebtoken: [ '9.0.3' ],
805 silly audit   multer: [ '2.2.0' ],
805 silly audit   sqlite3: [ '6.0.1' ],
805 silly audit   uuid: [ '14.0.1' ],
805 silly audit   'object-assign': [ '4.1.1' ],
805 silly audit   vary: [ '1.1.2' ],
805 silly audit   accepts: [ '2.0.0' ],
805 silly audit   'body-parser': [ '2.3.0' ],
805 silly audit   'content-disposition': [ '1.1.0' ],
805 silly audit   'content-type': [ '1.0.5', '2.0.0' ],
805 silly audit   cookie: [ '0.7.2' ],
805 silly audit   'cookie-signature': [ '1.2.2' ],
805 silly audit   debug: [ '4.4.3' ],
805 silly audit   depd: [ '2.0.0' ],
805 silly audit   encodeurl: [ '2.0.0' ],
805 silly audit   'escape-html': [ '1.0.3' ],
805 silly audit   etag: [ '1.8.1' ],
805 silly audit   finalhandler: [ '2.1.1' ],
805 silly audit   fresh: [ '2.0.0' ],
805 silly audit   'http-errors': [ '2.0.1' ],
805 silly audit   'merge-descriptors': [ '2.0.0' ],
805 silly audit   'mime-types': [ '3.0.2', '2.1.35' ],
805 silly audit   'on-finished': [ '2.4.1' ],
805 silly audit   once: [ '1.4.0' ],
805 silly audit   parseurl: [ '1.3.3' ],
805 silly audit   'proxy-addr': [ '2.0.7' ],
805 silly audit   qs: [ '6.15.3' ],
805 silly audit   'range-parser': [ '1.3.0' ],
805 silly audit   router: [ '2.2.0' ],
805 silly audit   send: [ '1.2.1' ],
805 silly audit   'serve-static': [ '2.2.1' ],
805 silly audit   statuses: [ '2.0.2' ],
805 silly audit   'type-is': [ '2.1.0', '1.6.18' ],
805 silly audit   negotiator: [ '1.0.0' ],
805 silly audit   bytes: [ '3.1.2' ],
805 silly audit   'iconv-lite': [ '0.7.3' ],
805 silly audit   'raw-body': [ '3.0.2' ],
805 silly audit   ms: [ '2.1.3' ],
805 silly audit   inherits: [ '2.0.4' ],
805 silly audit   setprototypeof: [ '1.2.0' ],
805 silly audit   toidentifier: [ '1.0.1' ],
805 silly audit   'safer-buffer': [ '2.1.2' ],
805 silly audit   jws: [ '4.0.1' ],
805 silly audit   'lodash.includes': [ '4.3.0' ],
805 silly audit   'lodash.isboolean': [ '3.0.3' ],
805 silly audit   'lodash.isinteger': [ '4.0.4' ],
805 silly audit   'lodash.isnumber': [ '3.0.3' ],
805 silly audit   'lodash.isplainobject': [ '4.0.6' ],
805 silly audit   'lodash.isstring': [ '4.0.1' ],
805 silly audit   'lodash.once': [ '4.1.1' ],
805 silly audit   semver: [ '7.8.5' ],
805 silly audit   jwa: [ '2.0.1' ],
805 silly audit   'safe-buffer': [ '5.2.1' ],
805 silly audit   'buffer-equal-constant-time': [ '1.0.1' ],
805 silly audit   'ecdsa-sig-formatter': [ '1.0.11' ],
805 silly audit   'mime-db': [ '1.54.0', '1.52.0' ],
805 silly audit   'append-field': [ '1.0.0' ],
805 silly audit   busboy: [ '1.6.0' ],
805 silly audit   'concat-stream': [ '2.0.0' ],
805 silly audit   streamsearch: [ '1.1.0' ],
805 silly audit   'buffer-from': [ '1.1.2' ],
805 silly audit   'readable-stream': [ '3.6.2' ],
805 silly audit   typedarray: [ '0.0.6' ],
805 silly audit   'ee-first': [ '1.1.1' ],
805 silly audit   wrappy: [ '1.0.2' ],
805 silly audit   forwarded: [ '0.2.0' ],
805 silly audit   'ipaddr.js': [ '1.9.1' ],
805 silly audit   'es-define-property': [ '1.0.1' ],
805 silly audit   'side-channel': [ '1.1.1' ],
805 silly audit   unpipe: [ '1.0.0' ],
805 silly audit   string_decoder: [ '1.3.0' ],
805 silly audit   'util-deprecate': [ '1.0.2' ],
805 silly audit   'is-promise': [ '4.0.0' ],
805 silly audit   'path-to-regexp': [ '8.4.2' ],
805 silly audit   'es-errors': [ '1.3.0' ],
805 silly audit   'object-inspect': [ '1.13.4' ],
805 silly audit   'side-channel-list': [ '1.0.1' ],
805 silly audit   'side-channel-map': [ '1.0.1' ],
805 silly audit   'side-channel-weakmap': [ '1.0.2' ],
805 silly audit   'call-bound': [ '1.0.4' ],
805 silly audit   'get-intrinsic': [ '1.3.0' ],
805 silly audit   'call-bind-apply-helpers': [ '1.0.2' ],
805 silly audit   'function-bind': [ '1.1.2' ],
805 silly audit   'es-object-atoms': [ '1.1.2' ],
805 silly audit   'get-proto': [ '1.0.1' ],
805 silly audit   gopd: [ '1.2.0' ],
805 silly audit   'has-symbols': [ '1.1.0' ],
805 silly audit   hasown: [ '2.0.4' ],
805 silly audit   'math-intrinsics': [ '1.1.0' ],
805 silly audit   'dunder-proto': [ '1.0.1' ],
805 silly audit   bindings: [ '1.5.0' ],
805 silly audit   'node-addon-api': [ '8.9.1' ],
805 silly audit   'node-gyp': [ '12.4.0' ],
805 silly audit   'prebuild-install': [ '7.1.3' ],
805 silly audit   tar: [ '7.5.22' ],
805 silly audit   'file-uri-to-path': [ '1.0.0' ],
805 silly audit   'env-paths': [ '2.2.1' ],
805 silly audit   'exponential-backoff': [ '3.1.3' ],
805 silly audit   'graceful-fs': [ '4.2.11' ],
805 silly audit   nopt: [ '9.0.0' ],
805 silly audit   'proc-log': [ '6.1.0' ],
805 silly audit   tinyglobby: [ '0.2.17' ],
805 silly audit   undici: [ '6.28.0' ],
805 silly audit   which: [ '6.0.1' ],
805 silly audit   abbrev: [ '4.0.0' ],
805 silly audit   'detect-libc': [ '2.1.2' ],
805 silly audit   'expand-template': [ '2.0.3' ],
805 silly audit   'github-from-package': [ '0.0.0' ],
805 silly audit   minimist: [ '1.2.8' ],
805 silly audit   'mkdirp-classic': [ '0.5.3' ],
805 silly audit   'napi-build-utils': [ '2.0.0' ],
805 silly audit   'node-abi': [ '3.94.0' ],
805 silly audit   pump: [ '3.0.4' ],
805 silly audit   rc: [ '1.2.8' ],
805 silly audit   'simple-get': [ '4.0.1' ],
805 silly audit   'tar-fs': [ '2.1.5' ],
805 silly audit   'tunnel-agent': [ '0.6.0' ],
805 silly audit   'end-of-stream': [ '1.4.5' ],
805 silly audit   'deep-extend': [ '0.6.0' ],
805 silly audit   ini: [ '1.3.8' ],
805 silly audit   'strip-json-comments': [ '2.0.1' ],
805 silly audit   'decompress-response': [ '6.0.0' ],
805 silly audit   'simple-concat': [ '1.0.1' ],
805 silly audit   'mimic-response': [ '3.1.0' ],
805 silly audit   '@isaacs/fs-minipass': [ '4.0.1' ],
805 silly audit   chownr: [ '3.0.0', '1.1.4' ],
805 silly audit   minipass: [ '7.1.3' ],
805 silly audit   minizlib: [ '3.1.0' ],
805 silly audit   yallist: [ '5.0.0' ],
805 silly audit   'tar-stream': [ '2.2.0' ],
805 silly audit   bl: [ '4.1.0' ],
805 silly audit   'fs-constants': [ '1.0.0' ],
805 silly audit   buffer: [ '5.7.1' ],
805 silly audit   'base64-js': [ '1.5.1' ],
805 silly audit   ieee754: [ '1.2.1' ],
805 silly audit   fdir: [ '6.5.0' ],
805 silly audit   picomatch: [ '4.0.5' ],
805 silly audit   'media-typer': [ '1.1.1', '0.3.0' ],
805 silly audit   isexe: [ '4.0.0' ]
805 silly audit }
806 http cache isexe@https://registry.npmjs.org/isexe/-/isexe-4.0.0.tgz 0ms (cache hit)
807 http cache picomatch@https://registry.npmjs.org/picomatch/-/picomatch-4.0.5.tgz 0ms (cache hit)
808 http cache media-typer@https://registry.npmjs.org/media-typer/-/media-typer-1.1.1.tgz 0ms (cache hit)
809 http cache fdir@https://registry.npmjs.org/fdir/-/fdir-6.5.0.tgz 0ms (cache hit)
810 http cache base64-js@https://registry.npmjs.org/base64-js/-/base64-js-1.5.1.tgz 0ms (cache hit)
811 http cache buffer@https://registry.npmjs.org/buffer/-/buffer-5.7.1.tgz 0ms (cache hit)
812 http cache fs-constants@https://registry.npmjs.org/fs-constants/-/fs-constants-1.0.0.tgz 0ms (cache hit)
813 http cache bl@https://registry.npmjs.org/bl/-/bl-4.1.0.tgz 0ms (cache hit)
814 http cache ieee754@https://registry.npmjs.org/ieee754/-/ieee754-1.2.1.tgz 0ms (cache hit)
815 http cache tar-stream@https://registry.npmjs.org/tar-stream/-/tar-stream-2.2.0.tgz 0ms (cache hit)
816 http cache yallist@https://registry.npmjs.org/yallist/-/yallist-5.0.0.tgz 0ms (cache hit)
817 http cache minizlib@https://registry.npmjs.org/minizlib/-/minizlib-3.1.0.tgz 0ms (cache hit)
818 http cache minipass@https://registry.npmjs.org/minipass/-/minipass-7.1.3.tgz 0ms (cache hit)
819 http cache chownr@https://registry.npmjs.org/chownr/-/chownr-3.0.0.tgz 0ms (cache hit)
820 http cache @isaacs/fs-minipass@https://registry.npmjs.org/@isaacs/fs-minipass/-/fs-minipass-4.0.1.tgz 0ms (cache hit)
821 http cache mimic-response@https://registry.npmjs.org/mimic-response/-/mimic-response-3.1.0.tgz 0ms (cache hit)
822 http cache decompress-response@https://registry.npmjs.org/decompress-response/-/decompress-response-6.0.0.tgz 0ms (cache hit)
823 http cache strip-json-comments@https://registry.npmjs.org/strip-json-comments/-/strip-json-comments-2.0.1.tgz 0ms (cache hit)
824 http cache ini@https://registry.npmjs.org/ini/-/ini-1.3.8.tgz 0ms (cache hit)
825 http cache deep-extend@https://registry.npmjs.org/deep-extend/-/deep-extend-0.6.0.tgz 0ms (cache hit)
826 http cache end-of-stream@https://registry.npmjs.org/end-of-stream/-/end-of-stream-1.4.5.tgz 0ms (cache hit)
827 http cache tunnel-agent@https://registry.npmjs.org/tunnel-agent/-/tunnel-agent-0.6.0.tgz 0ms (cache hit)
828 http cache simple-concat@https://registry.npmjs.org/simple-concat/-/simple-concat-1.0.1.tgz 0ms (cache hit)
829 http cache tar-fs@https://registry.npmjs.org/tar-fs/-/tar-fs-2.1.5.tgz 0ms (cache hit)
830 http cache simple-get@https://registry.npmjs.org/simple-get/-/simple-get-4.0.1.tgz 0ms (cache hit)
831 http cache rc@https://registry.npmjs.org/rc/-/rc-1.2.8.tgz 0ms (cache hit)
832 http cache pump@https://registry.npmjs.org/pump/-/pump-3.0.4.tgz 0ms (cache hit)
833 http cache node-abi@https://registry.npmjs.org/node-abi/-/node-abi-3.94.0.tgz 0ms (cache hit)
834 http cache napi-build-utils@https://registry.npmjs.org/napi-build-utils/-/napi-build-utils-2.0.0.tgz 0ms (cache hit)
835 http cache mkdirp-classic@https://registry.npmjs.org/mkdirp-classic/-/mkdirp-classic-0.5.3.tgz 0ms (cache hit)
836 http cache minimist@https://registry.npmjs.org/minimist/-/minimist-1.2.8.tgz 0ms (cache hit)
837 http cache github-from-package@https://registry.npmjs.org/github-from-package/-/github-from-package-0.0.0.tgz 0ms (cache hit)
838 http cache expand-template@https://registry.npmjs.org/expand-template/-/expand-template-2.0.3.tgz 0ms (cache hit)
839 http cache detect-libc@https://registry.npmjs.org/detect-libc/-/detect-libc-2.1.2.tgz 0ms (cache hit)
840 http cache abbrev@https://registry.npmjs.org/abbrev/-/abbrev-4.0.0.tgz 0ms (cache hit)
841 http cache which@https://registry.npmjs.org/which/-/which-6.0.1.tgz 0ms (cache hit)
842 http cache undici@https://registry.npmjs.org/undici/-/undici-6.28.0.tgz 0ms (cache hit)
843 http cache tinyglobby@https://registry.npmjs.org/tinyglobby/-/tinyglobby-0.2.17.tgz 0ms (cache hit)
844 http cache proc-log@https://registry.npmjs.org/proc-log/-/proc-log-6.1.0.tgz 0ms (cache hit)
845 http cache nopt@https://registry.npmjs.org/nopt/-/nopt-9.0.0.tgz 0ms (cache hit)
846 http cache graceful-fs@https://registry.npmjs.org/graceful-fs/-/graceful-fs-4.2.11.tgz 0ms (cache hit)
847 http cache env-paths@https://registry.npmjs.org/env-paths/-/env-paths-2.2.1.tgz 0ms (cache hit)
848 http cache exponential-backoff@https://registry.npmjs.org/exponential-backoff/-/exponential-backoff-3.1.3.tgz 0ms (cache hit)
849 http cache tar@https://registry.npmjs.org/tar/-/tar-7.5.22.tgz 0ms (cache hit)
850 http cache node-gyp@https://registry.npmjs.org/node-gyp/-/node-gyp-12.4.0.tgz 0ms (cache hit)
851 http cache prebuild-install@https://registry.npmjs.org/prebuild-install/-/prebuild-install-7.1.3.tgz 0ms (cache hit)
852 http cache node-addon-api@https://registry.npmjs.org/node-addon-api/-/node-addon-api-8.9.1.tgz 0ms (cache hit)
853 http cache dunder-proto@https://registry.npmjs.org/dunder-proto/-/dunder-proto-1.0.1.tgz 0ms (cache hit)
854 http cache math-intrinsics@https://registry.npmjs.org/math-intrinsics/-/math-intrinsics-1.1.0.tgz 0ms (cache hit)
855 http cache gopd@https://registry.npmjs.org/gopd/-/gopd-1.2.0.tgz 0ms (cache hit)
856 http cache hasown@https://registry.npmjs.org/hasown/-/hasown-2.0.4.tgz 0ms (cache hit)
857 http cache bindings@https://registry.npmjs.org/bindings/-/bindings-1.5.0.tgz 0ms (cache hit)
858 http cache has-symbols@https://registry.npmjs.org/has-symbols/-/has-symbols-1.1.0.tgz 0ms (cache hit)
859 http cache es-object-atoms@https://registry.npmjs.org/es-object-atoms/-/es-object-atoms-1.1.2.tgz 0ms (cache hit)
860 http cache file-uri-to-path@https://registry.npmjs.org/file-uri-to-path/-/file-uri-to-path-1.0.0.tgz 0ms (cache hit)
861 http cache get-proto@https://registry.npmjs.org/get-proto/-/get-proto-1.0.1.tgz 0ms (cache hit)
862 http cache get-intrinsic@https://registry.npmjs.org/get-intrinsic/-/get-intrinsic-1.3.0.tgz 0ms (cache hit)
863 http cache function-bind@https://registry.npmjs.org/function-bind/-/function-bind-1.1.2.tgz 0ms (cache hit)
864 http cache side-channel-weakmap@https://registry.npmjs.org/side-channel-weakmap/-/side-channel-weakmap-1.0.2.tgz 0ms (cache hit)
865 http cache side-channel-map@https://registry.npmjs.org/side-channel-map/-/side-channel-map-1.0.1.tgz 0ms (cache hit)
866 http cache call-bound@https://registry.npmjs.org/call-bound/-/call-bound-1.0.4.tgz 0ms (cache hit)
867 http cache call-bind-apply-helpers@https://registry.npmjs.org/call-bind-apply-helpers/-/call-bind-apply-helpers-1.0.2.tgz 0ms (cache hit)
868 http cache object-inspect@https://registry.npmjs.org/object-inspect/-/object-inspect-1.13.4.tgz 0ms (cache hit)
869 http cache es-errors@https://registry.npmjs.org/es-errors/-/es-errors-1.3.0.tgz 0ms (cache hit)
870 http cache path-to-regexp@https://registry.npmjs.org/path-to-regexp/-/path-to-regexp-8.4.2.tgz 0ms (cache hit)
871 http cache side-channel-list@https://registry.npmjs.org/side-channel-list/-/side-channel-list-1.0.1.tgz 0ms (cache hit)
872 http cache is-promise@https://registry.npmjs.org/is-promise/-/is-promise-4.0.0.tgz 0ms (cache hit)
873 http cache util-deprecate@https://registry.npmjs.org/util-deprecate/-/util-deprecate-1.0.2.tgz 0ms (cache hit)
874 http cache side-channel@https://registry.npmjs.org/side-channel/-/side-channel-1.1.1.tgz 0ms (cache hit)
875 http cache unpipe@https://registry.npmjs.org/unpipe/-/unpipe-1.0.0.tgz 0ms (cache hit)
876 http cache string_decoder@https://registry.npmjs.org/string_decoder/-/string_decoder-1.3.0.tgz 0ms (cache hit)
877 http cache ipaddr.js@https://registry.npmjs.org/ipaddr.js/-/ipaddr.js-1.9.1.tgz 0ms (cache hit)
878 http cache es-define-property@https://registry.npmjs.org/es-define-property/-/es-define-property-1.0.1.tgz 0ms (cache hit)
879 http cache forwarded@https://registry.npmjs.org/forwarded/-/forwarded-0.2.0.tgz 0ms (cache hit)
880 http cache typedarray@https://registry.npmjs.org/typedarray/-/typedarray-0.0.6.tgz 0ms (cache hit)
881 http cache readable-stream@https://registry.npmjs.org/readable-stream/-/readable-stream-3.6.2.tgz 0ms (cache hit)
882 http cache wrappy@https://registry.npmjs.org/wrappy/-/wrappy-1.0.2.tgz 0ms (cache hit)
883 http cache buffer-from@https://registry.npmjs.org/buffer-from/-/buffer-from-1.1.2.tgz 0ms (cache hit)
884 http cache streamsearch@https://registry.npmjs.org/streamsearch/-/streamsearch-1.1.0.tgz 0ms (cache hit)
885 http cache concat-stream@https://registry.npmjs.org/concat-stream/-/concat-stream-2.0.0.tgz 0ms (cache hit)
886 http cache busboy@https://registry.npmjs.org/busboy/-/busboy-1.6.0.tgz 0ms (cache hit)
887 http cache append-field@https://registry.npmjs.org/append-field/-/append-field-1.0.0.tgz 0ms (cache hit)
888 http cache mime-db@https://registry.npmjs.org/mime-db/-/mime-db-1.54.0.tgz 0ms (cache hit)
889 http cache ecdsa-sig-formatter@https://registry.npmjs.org/ecdsa-sig-formatter/-/ecdsa-sig-formatter-1.0.11.tgz 0ms (cache hit)
890 http cache buffer-equal-constant-time@https://registry.npmjs.org/buffer-equal-constant-time/-/buffer-equal-constant-time-1.0.1.tgz 0ms (cache hit)
891 http cache safe-buffer@https://registry.npmjs.org/safe-buffer/-/safe-buffer-5.2.1.tgz 0ms (cache hit)
892 http cache jwa@https://registry.npmjs.org/jwa/-/jwa-2.0.1.tgz 0ms (cache hit)
893 http cache lodash.once@https://registry.npmjs.org/lodash.once/-/lodash.once-4.1.1.tgz 0ms (cache hit)
894 http cache semver@https://registry.npmjs.org/semver/-/semver-7.8.5.tgz 0ms (cache hit)
895 http cache lodash.isstring@https://registry.npmjs.org/lodash.isstring/-/lodash.isstring-4.0.1.tgz 0ms (cache hit)
896 http cache lodash.isnumber@https://registry.npmjs.org/lodash.isnumber/-/lodash.isnumber-3.0.3.tgz 0ms (cache hit)
897 http cache lodash.isplainobject@https://registry.npmjs.org/lodash.isplainobject/-/lodash.isplainobject-4.0.6.tgz 0ms (cache hit)
898 http cache lodash.isinteger@https://registry.npmjs.org/lodash.isinteger/-/lodash.isinteger-4.0.4.tgz 0ms (cache hit)
899 http cache lodash.isboolean@https://registry.npmjs.org/lodash.isboolean/-/lodash.isboolean-3.0.3.tgz 0ms (cache hit)
900 http cache lodash.includes@https://registry.npmjs.org/lodash.includes/-/lodash.includes-4.3.0.tgz 0ms (cache hit)
901 http cache jws@https://registry.npmjs.org/jws/-/jws-4.0.1.tgz 0ms (cache hit)
902 http cache toidentifier@https://registry.npmjs.org/toidentifier/-/toidentifier-1.0.1.tgz 0ms (cache hit)
903 http cache safer-buffer@https://registry.npmjs.org/safer-buffer/-/safer-buffer-2.1.2.tgz 0ms (cache hit)
904 http cache setprototypeof@https://registry.npmjs.org/setprototypeof/-/setprototypeof-1.2.0.tgz 0ms (cache hit)
905 http cache inherits@https://registry.npmjs.org/inherits/-/inherits-2.0.4.tgz 0ms (cache hit)
906 http cache raw-body@https://registry.npmjs.org/raw-body/-/raw-body-3.0.2.tgz 0ms (cache hit)
907 http cache ms@https://registry.npmjs.org/ms/-/ms-2.1.3.tgz 0ms (cache hit)
908 http cache iconv-lite@https://registry.npmjs.org/iconv-lite/-/iconv-lite-0.7.3.tgz 0ms (cache hit)
909 http cache ee-first@https://registry.npmjs.org/ee-first/-/ee-first-1.1.1.tgz 0ms (cache hit)
910 http cache negotiator@https://registry.npmjs.org/negotiator/-/negotiator-1.0.0.tgz 0ms (cache hit)
911 http cache type-is@https://registry.npmjs.org/type-is/-/type-is-2.1.0.tgz 0ms (cache hit)
912 http cache statuses@https://registry.npmjs.org/statuses/-/statuses-2.0.2.tgz 0ms (cache hit)
913 http cache serve-static@https://registry.npmjs.org/serve-static/-/serve-static-2.2.1.tgz 0ms (cache hit)
914 http cache send@https://registry.npmjs.org/send/-/send-1.2.1.tgz 0ms (cache hit)
915 http cache router@https://registry.npmjs.org/router/-/router-2.2.0.tgz 0ms (cache hit)
916 http cache range-parser@https://registry.npmjs.org/range-parser/-/range-parser-1.3.0.tgz 0ms (cache hit)
917 http cache qs@https://registry.npmjs.org/qs/-/qs-6.15.3.tgz 0ms (cache hit)
918 http cache parseurl@https://registry.npmjs.org/parseurl/-/parseurl-1.3.3.tgz 0ms (cache hit)
919 http cache once@https://registry.npmjs.org/once/-/once-1.4.0.tgz 0ms (cache hit)
920 http cache on-finished@https://registry.npmjs.org/on-finished/-/on-finished-2.4.1.tgz 0ms (cache hit)
921 http cache bytes@https://registry.npmjs.org/bytes/-/bytes-3.1.2.tgz 0ms (cache hit)
922 http cache merge-descriptors@https://registry.npmjs.org/merge-descriptors/-/merge-descriptors-2.0.0.tgz 0ms (cache hit)
923 http cache proxy-addr@https://registry.npmjs.org/proxy-addr/-/proxy-addr-2.0.7.tgz 0ms (cache hit)
924 http cache http-errors@https://registry.npmjs.org/http-errors/-/http-errors-2.0.1.tgz 0ms (cache hit)
925 http cache fresh@https://registry.npmjs.org/fresh/-/fresh-2.0.0.tgz 0ms (cache hit)
926 http cache finalhandler@https://registry.npmjs.org/finalhandler/-/finalhandler-2.1.1.tgz 0ms (cache hit)
927 http cache etag@https://registry.npmjs.org/etag/-/etag-1.8.1.tgz 0ms (cache hit)
928 http cache escape-html@https://registry.npmjs.org/escape-html/-/escape-html-1.0.3.tgz 0ms (cache hit)
929 http cache encodeurl@https://registry.npmjs.org/encodeurl/-/encodeurl-2.0.0.tgz 0ms (cache hit)
930 http cache depd@https://registry.npmjs.org/depd/-/depd-2.0.0.tgz 0ms (cache hit)
931 http cache debug@https://registry.npmjs.org/debug/-/debug-4.4.3.tgz 0ms (cache hit)
932 http cache mime-types@https://registry.npmjs.org/mime-types/-/mime-types-3.0.2.tgz 0ms (cache hit)
933 http cache cookie@https://registry.npmjs.org/cookie/-/cookie-0.7.2.tgz 0ms (cache hit)
934 http cache cookie-signature@https://registry.npmjs.org/cookie-signature/-/cookie-signature-1.2.2.tgz 0ms (cache hit)
935 http cache content-type@https://registry.npmjs.org/content-type/-/content-type-1.0.5.tgz 0ms (cache hit)
936 http cache content-disposition@https://registry.npmjs.org/content-disposition/-/content-disposition-1.1.0.tgz 0ms (cache hit)
937 http cache accepts@https://registry.npmjs.org/accepts/-/accepts-2.0.0.tgz 0ms (cache hit)
938 http cache vary@https://registry.npmjs.org/vary/-/vary-1.1.2.tgz 0ms (cache hit)
939 http cache object-assign@https://registry.npmjs.org/object-assign/-/object-assign-4.1.1.tgz 0ms (cache hit)
940 http cache uuid@https://registry.npmjs.org/uuid/-/uuid-14.0.1.tgz 0ms (cache hit)
941 http cache sqlite3@https://registry.npmjs.org/sqlite3/-/sqlite3-6.0.1.tgz 0ms (cache hit)
942 http cache multer@https://registry.npmjs.org/multer/-/multer-2.2.0.tgz 0ms (cache hit)
943 http cache jsonwebtoken@https://registry.npmjs.org/jsonwebtoken/-/jsonwebtoken-9.0.3.tgz 0ms (cache hit)
944 http cache express@https://registry.npmjs.org/express/-/express-5.2.1.tgz 0ms (cache hit)
945 http cache cors@https://registry.npmjs.org/cors/-/cors-2.8.6.tgz 0ms (cache hit)
946 http cache bcryptjs@https://registry.npmjs.org/bcryptjs/-/bcryptjs-3.0.3.tgz 0ms (cache hit)
947 http cache chownr@https://registry.npmjs.org/chownr/-/chownr-1.1.4.tgz 0ms (cache hit)
948 http cache content-type@https://registry.npmjs.org/content-type/-/content-type-2.0.0.tgz 0ms (cache hit)
949 http cache mime-types@https://registry.npmjs.org/mime-types/-/mime-types-2.1.35.tgz 0ms (cache hit)
950 http cache body-parser@https://registry.npmjs.org/body-parser/-/body-parser-2.3.0.tgz 0ms (cache hit)
951 http cache media-typer@https://registry.npmjs.org/media-typer/-/media-typer-0.3.0.tgz 0ms (cache hit)
952 http cache mime-db@https://registry.npmjs.org/mime-db/-/mime-db-1.52.0.tgz 0ms (cache hit)
953 http cache content-type@https://registry.npmjs.org/content-type/-/content-type-2.0.0.tgz 0ms (cache hit)
954 http cache type-is@https://registry.npmjs.org/type-is/-/type-is-1.6.18.tgz 0ms (cache hit)
955 silly tarball no local data for isexe@https://registry.npmjs.org/isexe/-/isexe-4.0.0.tgz. Extracting by manifest.
956 silly tarball no local data for picomatch@https://registry.npmjs.org/picomatch/-/picomatch-4.0.5.tgz. Extracting by manifest.
957 silly tarball no local data for media-typer@https://registry.npmjs.org/media-typer/-/media-typer-1.1.1.tgz. Extracting by manifest.
958 silly tarball no local data for fdir@https://registry.npmjs.org/fdir/-/fdir-6.5.0.tgz. Extracting by manifest.
959 silly tarball no local data for base64-js@https://registry.npmjs.org/base64-js/-/base64-js-1.5.1.tgz. Extracting by manifest.
960 silly tarball no local data for buffer@https://registry.npmjs.org/buffer/-/buffer-5.7.1.tgz. Extracting by manifest.
961 silly tarball no local data for fs-constants@https://registry.npmjs.org/fs-constants/-/fs-constants-1.0.0.tgz. Extracting by manifest.
962 silly tarball no local data for bl@https://registry.npmjs.org/bl/-/bl-4.1.0.tgz. Extracting by manifest.
963 silly tarball no local data for ieee754@https://registry.npmjs.org/ieee754/-/ieee754-1.2.1.tgz. Extracting by manifest.
964 silly tarball no local data for tar-stream@https://registry.npmjs.org/tar-stream/-/tar-stream-2.2.0.tgz. Extracting by manifest.
965 silly tarball no local data for yallist@https://registry.npmjs.org/yallist/-/yallist-5.0.0.tgz. Extracting by manifest.
966 silly tarball no local data for minizlib@https://registry.npmjs.org/minizlib/-/minizlib-3.1.0.tgz. Extracting by manifest.
967 silly tarball no local data for minipass@https://registry.npmjs.org/minipass/-/minipass-7.1.3.tgz. Extracting by manifest.
968 silly tarball no local data for chownr@https://registry.npmjs.org/chownr/-/chownr-3.0.0.tgz. Extracting by manifest.
969 silly tarball no local data for @isaacs/fs-minipass@https://registry.npmjs.org/@isaacs/fs-minipass/-/fs-minipass-4.0.1.tgz. Extracting by manifest.
970 silly tarball no local data for mimic-response@https://registry.npmjs.org/mimic-response/-/mimic-response-3.1.0.tgz. Extracting by manifest.
971 silly tarball no local data for decompress-response@https://registry.npmjs.org/decompress-response/-/decompress-response-6.0.0.tgz. Extracting by manifest.
972 silly tarball no local data for strip-json-comments@https://registry.npmjs.org/strip-json-comments/-/strip-json-comments-2.0.1.tgz. Extracting by manifest.
973 silly tarball no local data for ini@https://registry.npmjs.org/ini/-/ini-1.3.8.tgz. Extracting by manifest.
974 silly tarball no local data for deep-extend@https://registry.npmjs.org/deep-extend/-/deep-extend-0.6.0.tgz. Extracting by manifest.
975 silly tarball no local data for end-of-stream@https://registry.npmjs.org/end-of-stream/-/end-of-stream-1.4.5.tgz. Extracting by manifest.
976 silly tarball no local data for tunnel-agent@https://registry.npmjs.org/tunnel-agent/-/tunnel-agent-0.6.0.tgz. Extracting by manifest.
977 silly tarball no local data for simple-concat@https://registry.npmjs.org/simple-concat/-/simple-concat-1.0.1.tgz. Extracting by manifest.
978 silly tarball no local data for tar-fs@https://registry.npmjs.org/tar-fs/-/tar-fs-2.1.5.tgz. Extracting by manifest.
979 silly tarball no local data for simple-get@https://registry.npmjs.org/simple-get/-/simple-get-4.0.1.tgz. Extracting by manifest.
980 silly tarball no local data for rc@https://registry.npmjs.org/rc/-/rc-1.2.8.tgz. Extracting by manifest.
981 silly tarball no local data for pump@https://registry.npmjs.org/pump/-/pump-3.0.4.tgz. Extracting by manifest.
982 silly tarball no local data for node-abi@https://registry.npmjs.org/node-abi/-/node-abi-3.94.0.tgz. Extracting by manifest.
983 silly tarball no local data for napi-build-utils@https://registry.npmjs.org/napi-build-utils/-/napi-build-utils-2.0.0.tgz. Extracting by manifest.
984 silly tarball no local data for mkdirp-classic@https://registry.npmjs.org/mkdirp-classic/-/mkdirp-classic-0.5.3.tgz. Extracting by manifest.
985 silly tarball no local data for minimist@https://registry.npmjs.org/minimist/-/minimist-1.2.8.tgz. Extracting by manifest.
986 silly tarball no local data for github-from-package@https://registry.npmjs.org/github-from-package/-/github-from-package-0.0.0.tgz. Extracting by manifest.
987 silly tarball no local data for expand-template@https://registry.npmjs.org/expand-template/-/expand-template-2.0.3.tgz. Extracting by manifest.
988 silly tarball no local data for detect-libc@https://registry.npmjs.org/detect-libc/-/detect-libc-2.1.2.tgz. Extracting by manifest.
989 silly tarball no local data for abbrev@https://registry.npmjs.org/abbrev/-/abbrev-4.0.0.tgz. Extracting by manifest.
990 silly tarball no local data for which@https://registry.npmjs.org/which/-/which-6.0.1.tgz. Extracting by manifest.
991 silly tarball no local data for undici@https://registry.npmjs.org/undici/-/undici-6.28.0.tgz. Extracting by manifest.
992 silly tarball no local data for tinyglobby@https://registry.npmjs.org/tinyglobby/-/tinyglobby-0.2.17.tgz. Extracting by manifest.
993 silly tarball no local data for proc-log@https://registry.npmjs.org/proc-log/-/proc-log-6.1.0.tgz. Extracting by manifest.
994 silly tarball no local data for nopt@https://registry.npmjs.org/nopt/-/nopt-9.0.0.tgz. Extracting by manifest.
995 silly tarball no local data for graceful-fs@https://registry.npmjs.org/graceful-fs/-/graceful-fs-4.2.11.tgz. Extracting by manifest.
996 silly tarball no local data for env-paths@https://registry.npmjs.org/env-paths/-/env-paths-2.2.1.tgz. Extracting by manifest.
997 silly tarball no local data for exponential-backoff@https://registry.npmjs.org/exponential-backoff/-/exponential-backoff-3.1.3.tgz. Extracting by manifest.
998 silly tarball no local data for tar@https://registry.npmjs.org/tar/-/tar-7.5.22.tgz. Extracting by manifest.
999 silly tarball no local data for node-gyp@https://registry.npmjs.org/node-gyp/-/node-gyp-12.4.0.tgz. Extracting by manifest.
1000 silly tarball no local data for prebuild-install@https://registry.npmjs.org/prebuild-install/-/prebuild-install-7.1.3.tgz. Extracting by manifest.
1001 silly tarball no local data for node-addon-api@https://registry.npmjs.org/node-addon-api/-/node-addon-api-8.9.1.tgz. Extracting by manifest.
1002 silly tarball no local data for dunder-proto@https://registry.npmjs.org/dunder-proto/-/dunder-proto-1.0.1.tgz. Extracting by manifest.
1003 silly tarball no local data for math-intrinsics@https://registry.npmjs.org/math-intrinsics/-/math-intrinsics-1.1.0.tgz. Extracting by manifest.
1004 silly tarball no local data for gopd@https://registry.npmjs.org/gopd/-/gopd-1.2.0.tgz. Extracting by manifest.
1005 silly tarball no local data for hasown@https://registry.npmjs.org/hasown/-/hasown-2.0.4.tgz. Extracting by manifest.
1006 silly tarball no local data for bindings@https://registry.npmjs.org/bindings/-/bindings-1.5.0.tgz. Extracting by manifest.
1007 silly tarball no local data for has-symbols@https://registry.npmjs.org/has-symbols/-/has-symbols-1.1.0.tgz. Extracting by manifest.
1008 silly tarball no local data for es-object-atoms@https://registry.npmjs.org/es-object-atoms/-/es-object-atoms-1.1.2.tgz. Extracting by manifest.
1009 silly tarball no local data for file-uri-to-path@https://registry.npmjs.org/file-uri-to-path/-/file-uri-to-path-1.0.0.tgz. Extracting by manifest.
1010 silly tarball no local data for get-proto@https://registry.npmjs.org/get-proto/-/get-proto-1.0.1.tgz. Extracting by manifest.
1011 silly tarball no local data for get-intrinsic@https://registry.npmjs.org/get-intrinsic/-/get-intrinsic-1.3.0.tgz. Extracting by manifest.
1012 silly tarball no local data for function-bind@https://registry.npmjs.org/function-bind/-/function-bind-1.1.2.tgz. Extracting by manifest.
1013 silly tarball no local data for side-channel-weakmap@https://registry.npmjs.org/side-channel-weakmap/-/side-channel-weakmap-1.0.2.tgz. Extracting by manifest.
1014 silly tarball no local data for side-channel-map@https://registry.npmjs.org/side-channel-map/-/side-channel-map-1.0.1.tgz. Extracting by manifest.
1015 silly tarball no local data for call-bound@https://registry.npmjs.org/call-bound/-/call-bound-1.0.4.tgz. Extracting by manifest.
1016 silly tarball no local data for call-bind-apply-helpers@https://registry.npmjs.org/call-bind-apply-helpers/-/call-bind-apply-helpers-1.0.2.tgz. Extracting by manifest.
1017 silly tarball no local data for object-inspect@https://registry.npmjs.org/object-inspect/-/object-inspect-1.13.4.tgz. Extracting by manifest.
1018 silly tarball no local data for es-errors@https://registry.npmjs.org/es-errors/-/es-errors-1.3.0.tgz. Extracting by manifest.
1019 silly tarball no local data for path-to-regexp@https://registry.npmjs.org/path-to-regexp/-/path-to-regexp-8.4.2.tgz. Extracting by manifest.
1020 silly tarball no local data for side-channel-list@https://registry.npmjs.org/side-channel-list/-/side-channel-list-1.0.1.tgz. Extracting by manifest.
1021 silly tarball no local data for is-promise@https://registry.npmjs.org/is-promise/-/is-promise-4.0.0.tgz. Extracting by manifest.
1022 silly tarball no local data for util-deprecate@https://registry.npmjs.org/util-deprecate/-/util-deprecate-1.0.2.tgz. Extracting by manifest.
1023 silly tarball no local data for side-channel@https://registry.npmjs.org/side-channel/-/side-channel-1.1.1.tgz. Extracting by manifest.
1024 silly tarball no local data for unpipe@https://registry.npmjs.org/unpipe/-/unpipe-1.0.0.tgz. Extracting by manifest.
1025 silly tarball no local data for string_decoder@https://registry.npmjs.org/string_decoder/-/string_decoder-1.3.0.tgz. Extracting by manifest.
1026 silly tarball no local data for ipaddr.js@https://registry.npmjs.org/ipaddr.js/-/ipaddr.js-1.9.1.tgz. Extracting by manifest.
1027 silly tarball no local data for es-define-property@https://registry.npmjs.org/es-define-property/-/es-define-property-1.0.1.tgz. Extracting by manifest.
1028 silly tarball no local data for forwarded@https://registry.npmjs.org/forwarded/-/forwarded-0.2.0.tgz. Extracting by manifest.
1029 silly tarball no local data for typedarray@https://registry.npmjs.org/typedarray/-/typedarray-0.0.6.tgz. Extracting by manifest.
1030 silly tarball no local data for readable-stream@https://registry.npmjs.org/readable-stream/-/readable-stream-3.6.2.tgz. Extracting by manifest.
1031 silly tarball no local data for wrappy@https://registry.npmjs.org/wrappy/-/wrappy-1.0.2.tgz. Extracting by manifest.
1032 silly tarball no local data for buffer-from@https://registry.npmjs.org/buffer-from/-/buffer-from-1.1.2.tgz. Extracting by manifest.
1033 silly tarball no local data for streamsearch@https://registry.npmjs.org/streamsearch/-/streamsearch-1.1.0.tgz. Extracting by manifest.
1034 silly tarball no local data for concat-stream@https://registry.npmjs.org/concat-stream/-/concat-stream-2.0.0.tgz. Extracting by manifest.
1035 silly tarball no local data for busboy@https://registry.npmjs.org/busboy/-/busboy-1.6.0.tgz. Extracting by manifest.
1036 silly tarball no local data for append-field@https://registry.npmjs.org/append-field/-/append-field-1.0.0.tgz. Extracting by manifest.
1037 silly tarball no local data for mime-db@https://registry.npmjs.org/mime-db/-/mime-db-1.54.0.tgz. Extracting by manifest.
1038 silly tarball no local data for ecdsa-sig-formatter@https://registry.npmjs.org/ecdsa-sig-formatter/-/ecdsa-sig-formatter-1.0.11.tgz. Extracting by manifest.
1039 silly tarball no local data for buffer-equal-constant-time@https://registry.npmjs.org/buffer-equal-constant-time/-/buffer-equal-constant-time-1.0.1.tgz. Extracting by manifest.
1040 silly tarball no local data for safe-buffer@https://registry.npmjs.org/safe-buffer/-/safe-buffer-5.2.1.tgz. Extracting by manifest.
1041 silly tarball no local data for jwa@https://registry.npmjs.org/jwa/-/jwa-2.0.1.tgz. Extracting by manifest.
1042 silly tarball no local data for lodash.once@https://registry.npmjs.org/lodash.once/-/lodash.once-4.1.1.tgz. Extracting by manifest.
1043 silly tarball no local data for semver@https://registry.npmjs.org/semver/-/semver-7.8.5.tgz. Extracting by manifest.
1044 silly tarball no local data for lodash.isstring@https://registry.npmjs.org/lodash.isstring/-/lodash.isstring-4.0.1.tgz. Extracting by manifest.
1045 silly tarball no local data for lodash.isnumber@https://registry.npmjs.org/lodash.isnumber/-/lodash.isnumber-3.0.3.tgz. Extracting by manifest.
1046 silly tarball no local data for lodash.isplainobject@https://registry.npmjs.org/lodash.isplainobject/-/lodash.isplainobject-4.0.6.tgz. Extracting by manifest.
1047 silly tarball no local data for lodash.isinteger@https://registry.npmjs.org/lodash.isinteger/-/lodash.isinteger-4.0.4.tgz. Extracting by manifest.
1048 silly tarball no local data for lodash.isboolean@https://registry.npmjs.org/lodash.isboolean/-/lodash.isboolean-3.0.3.tgz. Extracting by manifest.
1049 silly tarball no local data for lodash.includes@https://registry.npmjs.org/lodash.includes/-/lodash.includes-4.3.0.tgz. Extracting by manifest.
1050 silly tarball no local data for jws@https://registry.npmjs.org/jws/-/jws-4.0.1.tgz. Extracting by manifest.
1051 silly tarball no local data for toidentifier@https://registry.npmjs.org/toidentifier/-/toidentifier-1.0.1.tgz. Extracting by manifest.
1052 silly tarball no local data for safer-buffer@https://registry.npmjs.org/safer-buffer/-/safer-buffer-2.1.2.tgz. Extracting by manifest.
1053 silly tarball no local data for setprototypeof@https://registry.npmjs.org/setprototypeof/-/setprototypeof-1.2.0.tgz. Extracting by manifest.
1054 silly tarball no local data for inherits@https://registry.npmjs.org/inherits/-/inherits-2.0.4.tgz. Extracting by manifest.
1055 silly tarball no local data for raw-body@https://registry.npmjs.org/raw-body/-/raw-body-3.0.2.tgz. Extracting by manifest.
1056 silly tarball no local data for ms@https://registry.npmjs.org/ms/-/ms-2.1.3.tgz. Extracting by manifest.
1057 silly tarball no local data for iconv-lite@https://registry.npmjs.org/iconv-lite/-/iconv-lite-0.7.3.tgz. Extracting by manifest.
1058 silly tarball no local data for ee-first@https://registry.npmjs.org/ee-first/-/ee-first-1.1.1.tgz. Extracting by manifest.
1059 silly tarball no local data for negotiator@https://registry.npmjs.org/negotiator/-/negotiator-1.0.0.tgz. Extracting by manifest.
1060 silly tarball no local data for type-is@https://registry.npmjs.org/type-is/-/type-is-2.1.0.tgz. Extracting by manifest.
1061 silly tarball no local data for statuses@https://registry.npmjs.org/statuses/-/statuses-2.0.2.tgz. Extracting by manifest.
1062 silly tarball no local data for serve-static@https://registry.npmjs.org/serve-static/-/serve-static-2.2.1.tgz. Extracting by manifest.
1063 silly tarball no local data for send@https://registry.npmjs.org/send/-/send-1.2.1.tgz. Extracting by manifest.
1064 silly tarball no local data for router@https://registry.npmjs.org/router/-/router-2.2.0.tgz. Extracting by manifest.
1065 silly tarball no local data for range-parser@https://registry.npmjs.org/range-parser/-/range-parser-1.3.0.tgz. Extracting by manifest.
1066 silly tarball no local data for qs@https://registry.npmjs.org/qs/-/qs-6.15.3.tgz. Extracting by manifest.
1067 silly tarball no local data for parseurl@https://registry.npmjs.org/parseurl/-/parseurl-1.3.3.tgz. Extracting by manifest.
1068 silly tarball no local data for once@https://registry.npmjs.org/once/-/once-1.4.0.tgz. Extracting by manifest.
1069 silly tarball no local data for on-finished@https://registry.npmjs.org/on-finished/-/on-finished-2.4.1.tgz. Extracting by manifest.
1070 silly tarball no local data for bytes@https://registry.npmjs.org/bytes/-/bytes-3.1.2.tgz. Extracting by manifest.
1071 silly tarball no local data for merge-descriptors@https://registry.npmjs.org/merge-descriptors/-/merge-descriptors-2.0.0.tgz. Extracting by manifest.
1072 silly tarball no local data for proxy-addr@https://registry.npmjs.org/proxy-addr/-/proxy-addr-2.0.7.tgz. Extracting by manifest.
1073 silly tarball no local data for http-errors@https://registry.npmjs.org/http-errors/-/http-errors-2.0.1.tgz. Extracting by manifest.
1074 silly tarball no local data for fresh@https://registry.npmjs.org/fresh/-/fresh-2.0.0.tgz. Extracting by manifest.
1075 silly tarball no local data for finalhandler@https://registry.npmjs.org/finalhandler/-/finalhandler-2.1.1.tgz. Extracting by manifest.
1076 silly tarball no local data for etag@https://registry.npmjs.org/etag/-/etag-1.8.1.tgz. Extracting by manifest.
1077 silly tarball no local data for escape-html@https://registry.npmjs.org/escape-html/-/escape-html-1.0.3.tgz. Extracting by manifest.
1078 silly tarball no local data for encodeurl@https://registry.npmjs.org/encodeurl/-/encodeurl-2.0.0.tgz. Extracting by manifest.
1079 silly tarball no local data for depd@https://registry.npmjs.org/depd/-/depd-2.0.0.tgz. Extracting by manifest.
1080 silly tarball no local data for debug@https://registry.npmjs.org/debug/-/debug-4.4.3.tgz. Extracting by manifest.
1081 silly tarball no local data for mime-types@https://registry.npmjs.org/mime-types/-/mime-types-3.0.2.tgz. Extracting by manifest.
1082 silly tarball no local data for cookie@https://registry.npmjs.org/cookie/-/cookie-0.7.2.tgz. Extracting by manifest.
1083 silly tarball no local data for cookie-signature@https://registry.npmjs.org/cookie-signature/-/cookie-signature-1.2.2.tgz. Extracting by manifest.
1084 silly tarball no local data for content-type@https://registry.npmjs.org/content-type/-/content-type-1.0.5.tgz. Extracting by manifest.
1085 silly tarball no local data for content-disposition@https://registry.npmjs.org/content-disposition/-/content-disposition-1.1.0.tgz. Extracting by manifest.
1086 silly tarball no local data for accepts@https://registry.npmjs.org/accepts/-/accepts-2.0.0.tgz. Extracting by manifest.
1087 silly tarball no local data for vary@https://registry.npmjs.org/vary/-/vary-1.1.2.tgz. Extracting by manifest.
1088 silly tarball no local data for object-assign@https://registry.npmjs.org/object-assign/-/object-assign-4.1.1.tgz. Extracting by manifest.
1089 silly tarball no local data for uuid@https://registry.npmjs.org/uuid/-/uuid-14.0.1.tgz. Extracting by manifest.
1090 silly tarball no local data for sqlite3@https://registry.npmjs.org/sqlite3/-/sqlite3-6.0.1.tgz. Extracting by manifest.
1091 silly tarball no local data for multer@https://registry.npmjs.org/multer/-/multer-2.2.0.tgz. Extracting by manifest.
1092 silly tarball no local data for jsonwebtoken@https://registry.npmjs.org/jsonwebtoken/-/jsonwebtoken-9.0.3.tgz. Extracting by manifest.
1093 silly tarball no local data for express@https://registry.npmjs.org/express/-/express-5.2.1.tgz. Extracting by manifest.
1094 silly tarball no local data for cors@https://registry.npmjs.org/cors/-/cors-2.8.6.tgz. Extracting by manifest.
1095 silly tarball no local data for bcryptjs@https://registry.npmjs.org/bcryptjs/-/bcryptjs-3.0.3.tgz. Extracting by manifest.
1096 silly tarball no local data for chownr@https://registry.npmjs.org/chownr/-/chownr-1.1.4.tgz. Extracting by manifest.
1097 silly tarball no local data for content-type@https://registry.npmjs.org/content-type/-/content-type-2.0.0.tgz. Extracting by manifest.
1098 silly tarball no local data for mime-types@https://registry.npmjs.org/mime-types/-/mime-types-2.1.35.tgz. Extracting by manifest.
1099 silly tarball no local data for body-parser@https://registry.npmjs.org/body-parser/-/body-parser-2.3.0.tgz. Extracting by manifest.
1100 silly tarball no local data for media-typer@https://registry.npmjs.org/media-typer/-/media-typer-0.3.0.tgz. Extracting by manifest.
1101 silly tarball no local data for mime-db@https://registry.npmjs.org/mime-db/-/mime-db-1.52.0.tgz. Extracting by manifest.
1102 silly tarball no local data for content-type@https://registry.npmjs.org/content-type/-/content-type-2.0.0.tgz. Extracting by manifest.
1103 silly tarball no local data for type-is@https://registry.npmjs.org/type-is/-/type-is-1.6.18.tgz. Extracting by manifest.
1104 http fetch GET 200 https://registry.npmjs.org/isexe/-/isexe-4.0.0.tgz 83ms (cache miss)
1105 http fetch GET 200 https://registry.npmjs.org/base64-js/-/base64-js-1.5.1.tgz 82ms (cache miss)
1106 http fetch GET 200 https://registry.npmjs.org/media-typer/-/media-typer-1.1.1.tgz 83ms (cache miss)
1107 http fetch GET 200 https://registry.npmjs.org/fdir/-/fdir-6.5.0.tgz 83ms (cache miss)
1108 http fetch GET 200 https://registry.npmjs.org/picomatch/-/picomatch-4.0.5.tgz 85ms (cache miss)
1109 http fetch GET 200 https://registry.npmjs.org/buffer/-/buffer-5.7.1.tgz 103ms (cache miss)
1110 http fetch GET 200 https://registry.npmjs.org/strip-json-comments/-/strip-json-comments-2.0.1.tgz 107ms (cache miss)
1111 http fetch GET 200 https://registry.npmjs.org/decompress-response/-/decompress-response-6.0.0.tgz 116ms (cache miss)
1112 http fetch GET 200 https://registry.npmjs.org/mimic-response/-/mimic-response-3.1.0.tgz 117ms (cache miss)
1113 http fetch GET 200 https://registry.npmjs.org/ini/-/ini-1.3.8.tgz 116ms (cache miss)
1114 http fetch GET 200 https://registry.npmjs.org/@isaacs/fs-minipass/-/fs-minipass-4.0.1.tgz 125ms (cache miss)
1115 http fetch GET 200 https://registry.npmjs.org/deep-extend/-/deep-extend-0.6.0.tgz 135ms (cache miss)
1116 http fetch GET 200 https://registry.npmjs.org/end-of-stream/-/end-of-stream-1.4.5.tgz 139ms (cache miss)
1117 http fetch GET 200 https://registry.npmjs.org/fs-constants/-/fs-constants-1.0.0.tgz 183ms (cache miss)
1118 http fetch GET 200 https://registry.npmjs.org/tunnel-agent/-/tunnel-agent-0.6.0.tgz 180ms (cache miss)
1119 http fetch GET 200 https://registry.npmjs.org/simple-concat/-/simple-concat-1.0.1.tgz 181ms (cache miss)
1120 http fetch GET 200 https://registry.npmjs.org/ieee754/-/ieee754-1.2.1.tgz 188ms (cache miss)
1121 http fetch GET 200 https://registry.npmjs.org/simple-get/-/simple-get-4.0.1.tgz 188ms (cache miss)
1122 http fetch GET 200 https://registry.npmjs.org/tar-stream/-/tar-stream-2.2.0.tgz 196ms (cache miss)
1123 http fetch GET 200 https://registry.npmjs.org/pump/-/pump-3.0.4.tgz 193ms (cache miss)
1124 http fetch GET 200 https://registry.npmjs.org/rc/-/rc-1.2.8.tgz 198ms (cache miss)
1125 http fetch GET 200 https://registry.npmjs.org/bl/-/bl-4.1.0.tgz 210ms (cache miss)
1126 http fetch GET 200 https://registry.npmjs.org/mkdirp-classic/-/mkdirp-classic-0.5.3.tgz 208ms (cache miss)
1127 http fetch GET 200 https://registry.npmjs.org/expand-template/-/expand-template-2.0.3.tgz 208ms (cache miss)
1128 http fetch GET 200 https://registry.npmjs.org/napi-build-utils/-/napi-build-utils-2.0.0.tgz 210ms (cache miss)
1129 http fetch GET 200 https://registry.npmjs.org/node-abi/-/node-abi-3.94.0.tgz 210ms (cache miss)
1130 http fetch GET 200 https://registry.npmjs.org/abbrev/-/abbrev-4.0.0.tgz 208ms (cache miss)
1131 http fetch GET 200 https://registry.npmjs.org/which/-/which-6.0.1.tgz 210ms (cache miss)
1132 http fetch GET 200 https://registry.npmjs.org/github-from-package/-/github-from-package-0.0.0.tgz 212ms (cache miss)
1133 http fetch GET 200 https://registry.npmjs.org/detect-libc/-/detect-libc-2.1.2.tgz 212ms (cache miss)
1134 http fetch GET 200 https://registry.npmjs.org/tinyglobby/-/tinyglobby-0.2.17.tgz 211ms (cache miss)
1135 http fetch GET 200 https://registry.npmjs.org/chownr/-/chownr-3.0.0.tgz 218ms (cache miss)
1136 http fetch GET 200 https://registry.npmjs.org/yallist/-/yallist-5.0.0.tgz 220ms (cache miss)
1137 http fetch GET 200 https://registry.npmjs.org/tar-fs/-/tar-fs-2.1.5.tgz 220ms (cache miss)
1138 http fetch GET 200 https://registry.npmjs.org/minimist/-/minimist-1.2.8.tgz 220ms (cache miss)
1139 http fetch GET 200 https://registry.npmjs.org/minipass/-/minipass-7.1.3.tgz 228ms (cache miss)
1140 http fetch POST 200 https://registry.npmjs.org/-/npm/v1/security/advisories/bulk 273ms
1141 silly audit report {}
1142 http fetch GET 200 https://registry.npmjs.org/minizlib/-/minizlib-3.1.0.tgz 230ms (cache miss)
1143 http fetch GET 200 https://registry.npmjs.org/env-paths/-/env-paths-2.2.1.tgz 259ms (cache miss)
1144 http fetch GET 200 https://registry.npmjs.org/graceful-fs/-/graceful-fs-4.2.11.tgz 261ms (cache miss)
1145 http fetch GET 200 https://registry.npmjs.org/prebuild-install/-/prebuild-install-7.1.3.tgz 268ms (cache miss)
1146 warn deprecated prebuild-install@7.1.3: No longer maintained. Please contact the author of the relevant native addon; alternatives are available.
1147 http fetch GET 200 https://registry.npmjs.org/node-addon-api/-/node-addon-api-8.9.1.tgz 279ms (cache miss)
1148 http fetch GET 200 https://registry.npmjs.org/proc-log/-/proc-log-6.1.0.tgz 286ms (cache miss)
1149 http fetch GET 200 https://registry.npmjs.org/hasown/-/hasown-2.0.4.tgz 293ms (cache miss)
1150 http fetch GET 200 https://registry.npmjs.org/nopt/-/nopt-9.0.0.tgz 299ms (cache miss)
1151 http fetch GET 200 https://registry.npmjs.org/dunder-proto/-/dunder-proto-1.0.1.tgz 305ms (cache miss)
1152 http fetch GET 200 https://registry.npmjs.org/gopd/-/gopd-1.2.0.tgz 304ms (cache miss)
1153 http fetch GET 200 https://registry.npmjs.org/bindings/-/bindings-1.5.0.tgz 307ms (cache miss)
1154 http fetch GET 200 https://registry.npmjs.org/math-intrinsics/-/math-intrinsics-1.1.0.tgz 319ms (cache miss)
1155 http fetch GET 200 https://registry.npmjs.org/has-symbols/-/has-symbols-1.1.0.tgz 320ms (cache miss)
1156 http fetch GET 200 https://registry.npmjs.org/es-object-atoms/-/es-object-atoms-1.1.2.tgz 321ms (cache miss)
1157 http fetch GET 200 https://registry.npmjs.org/file-uri-to-path/-/file-uri-to-path-1.0.0.tgz 321ms (cache miss)
1158 http fetch GET 200 https://registry.npmjs.org/get-proto/-/get-proto-1.0.1.tgz 324ms (cache miss)
1159 http fetch GET 200 https://registry.npmjs.org/side-channel-weakmap/-/side-channel-weakmap-1.0.2.tgz 344ms (cache miss)
1160 http fetch GET 200 https://registry.npmjs.org/function-bind/-/function-bind-1.1.2.tgz 345ms (cache miss)
1161 http fetch GET 200 https://registry.npmjs.org/get-intrinsic/-/get-intrinsic-1.3.0.tgz 346ms (cache miss)
1162 http fetch GET 200 https://registry.npmjs.org/exponential-backoff/-/exponential-backoff-3.1.3.tgz 351ms (cache miss)
1163 http fetch GET 200 https://registry.npmjs.org/call-bound/-/call-bound-1.0.4.tgz 361ms (cache miss)
1164 http fetch GET 200 https://registry.npmjs.org/es-errors/-/es-errors-1.3.0.tgz 362ms (cache miss)
1165 http fetch GET 200 https://registry.npmjs.org/side-channel-map/-/side-channel-map-1.0.1.tgz 365ms (cache miss)
1166 http fetch GET 200 https://registry.npmjs.org/call-bind-apply-helpers/-/call-bind-apply-helpers-1.0.2.tgz 374ms (cache miss)
1167 http fetch GET 200 https://registry.npmjs.org/util-deprecate/-/util-deprecate-1.0.2.tgz 382ms (cache miss)
1168 http fetch GET 200 https://registry.npmjs.org/side-channel-list/-/side-channel-list-1.0.1.tgz 383ms (cache miss)
1169 http fetch GET 200 https://registry.npmjs.org/is-promise/-/is-promise-4.0.0.tgz 383ms (cache miss)
1170 http fetch GET 200 https://registry.npmjs.org/side-channel/-/side-channel-1.1.1.tgz 384ms (cache miss)
1171 http fetch GET 200 https://registry.npmjs.org/path-to-regexp/-/path-to-regexp-8.4.2.tgz 386ms (cache miss)
1172 http fetch GET 200 https://registry.npmjs.org/string_decoder/-/string_decoder-1.3.0.tgz 386ms (cache miss)
1173 http fetch GET 200 https://registry.npmjs.org/ipaddr.js/-/ipaddr.js-1.9.1.tgz 385ms (cache miss)
1174 http fetch GET 200 https://registry.npmjs.org/unpipe/-/unpipe-1.0.0.tgz 386ms (cache miss)
1175 http fetch GET 200 https://registry.npmjs.org/forwarded/-/forwarded-0.2.0.tgz 395ms (cache miss)
1176 http fetch GET 200 https://registry.npmjs.org/typedarray/-/typedarray-0.0.6.tgz 400ms (cache miss)
1177 http fetch GET 200 https://registry.npmjs.org/buffer-from/-/buffer-from-1.1.2.tgz 427ms (cache miss)
1178 http fetch GET 200 https://registry.npmjs.org/es-define-property/-/es-define-property-1.0.1.tgz 438ms (cache miss)
1179 http fetch GET 200 https://registry.npmjs.org/object-inspect/-/object-inspect-1.13.4.tgz 444ms (cache miss)
1180 http fetch GET 200 https://registry.npmjs.org/wrappy/-/wrappy-1.0.2.tgz 444ms (cache miss)
1181 http fetch GET 200 https://registry.npmjs.org/concat-stream/-/concat-stream-2.0.0.tgz 445ms (cache miss)
1182 http fetch GET 200 https://registry.npmjs.org/streamsearch/-/streamsearch-1.1.0.tgz 447ms (cache miss)
1183 http fetch GET 200 https://registry.npmjs.org/ecdsa-sig-formatter/-/ecdsa-sig-formatter-1.0.11.tgz 447ms (cache miss)
1184 http fetch GET 200 https://registry.npmjs.org/jwa/-/jwa-2.0.1.tgz 446ms (cache miss)
1185 http fetch GET 200 https://registry.npmjs.org/append-field/-/append-field-1.0.0.tgz 448ms (cache miss)
1186 http fetch GET 200 https://registry.npmjs.org/buffer-equal-constant-time/-/buffer-equal-constant-time-1.0.1.tgz 450ms (cache miss)
1187 http fetch GET 200 https://registry.npmjs.org/lodash.once/-/lodash.once-4.1.1.tgz 450ms (cache miss)
1188 http fetch GET 200 https://registry.npmjs.org/safe-buffer/-/safe-buffer-5.2.1.tgz 450ms (cache miss)
1189 http fetch GET 200 https://registry.npmjs.org/lodash.isstring/-/lodash.isstring-4.0.1.tgz 454ms (cache miss)
1190 http fetch GET 200 https://registry.npmjs.org/lodash.isnumber/-/lodash.isnumber-3.0.3.tgz 453ms (cache miss)
1191 http fetch GET 200 https://registry.npmjs.org/mime-db/-/mime-db-1.54.0.tgz 456ms (cache miss)
1192 http fetch GET 200 https://registry.npmjs.org/readable-stream/-/readable-stream-3.6.2.tgz 486ms (cache miss)
1193 http fetch GET 200 https://registry.npmjs.org/busboy/-/busboy-1.6.0.tgz 498ms (cache miss)
1194 http fetch GET 200 https://registry.npmjs.org/lodash.isboolean/-/lodash.isboolean-3.0.3.tgz 503ms (cache miss)
1195 http fetch GET 200 https://registry.npmjs.org/toidentifier/-/toidentifier-1.0.1.tgz 504ms (cache miss)
1196 http fetch GET 200 https://registry.npmjs.org/lodash.includes/-/lodash.includes-4.3.0.tgz 506ms (cache miss)
1197 http fetch GET 200 https://registry.npmjs.org/lodash.isinteger/-/lodash.isinteger-4.0.4.tgz 506ms (cache miss)
1198 http fetch GET 200 https://registry.npmjs.org/safer-buffer/-/safer-buffer-2.1.2.tgz 507ms (cache miss)
1199 http fetch GET 200 https://registry.npmjs.org/setprototypeof/-/setprototypeof-1.2.0.tgz 513ms (cache miss)
1200 http fetch GET 200 https://registry.npmjs.org/inherits/-/inherits-2.0.4.tgz 514ms (cache miss)
1201 http fetch GET 200 https://registry.npmjs.org/jws/-/jws-4.0.1.tgz 518ms (cache miss)
1202 http fetch GET 200 https://registry.npmjs.org/lodash.isplainobject/-/lodash.isplainobject-4.0.6.tgz 527ms (cache miss)
1203 http fetch GET 200 https://registry.npmjs.org/ms/-/ms-2.1.3.tgz 531ms (cache miss)
1204 http fetch GET 200 https://registry.npmjs.org/raw-body/-/raw-body-3.0.2.tgz 533ms (cache miss)
1205 http fetch GET 200 https://registry.npmjs.org/type-is/-/type-is-2.1.0.tgz 613ms (cache miss)
1206 http fetch GET 200 https://registry.npmjs.org/range-parser/-/range-parser-1.3.0.tgz 613ms (cache miss)
1207 http fetch GET 200 https://registry.npmjs.org/ee-first/-/ee-first-1.1.1.tgz 627ms (cache miss)
1208 http fetch GET 200 https://registry.npmjs.org/once/-/once-1.4.0.tgz 626ms (cache miss)
1209 http fetch GET 200 https://registry.npmjs.org/router/-/router-2.2.0.tgz 637ms (cache miss)
1210 http fetch GET 200 https://registry.npmjs.org/parseurl/-/parseurl-1.3.3.tgz 636ms (cache miss)
1211 http fetch GET 200 https://registry.npmjs.org/bytes/-/bytes-3.1.2.tgz 636ms (cache miss)
1212 http fetch GET 200 https://registry.npmjs.org/statuses/-/statuses-2.0.2.tgz 639ms (cache miss)
1213 http fetch GET 200 https://registry.npmjs.org/serve-static/-/serve-static-2.2.1.tgz 648ms (cache miss)
1214 http fetch GET 200 https://registry.npmjs.org/merge-descriptors/-/merge-descriptors-2.0.0.tgz 647ms (cache miss)
1215 http fetch GET 200 https://registry.npmjs.org/on-finished/-/on-finished-2.4.1.tgz 648ms (cache miss)
1216 http fetch GET 200 https://registry.npmjs.org/send/-/send-1.2.1.tgz 652ms (cache miss)
1217 http fetch GET 200 https://registry.npmjs.org/proxy-addr/-/proxy-addr-2.0.7.tgz 651ms (cache miss)
1218 http fetch GET 200 https://registry.npmjs.org/http-errors/-/http-errors-2.0.1.tgz 662ms (cache miss)
1219 http fetch GET 200 https://registry.npmjs.org/etag/-/etag-1.8.1.tgz 664ms (cache miss)
1220 http fetch GET 200 https://registry.npmjs.org/negotiator/-/negotiator-1.0.0.tgz 669ms (cache miss)
1221 http fetch GET 200 https://registry.npmjs.org/encodeurl/-/encodeurl-2.0.0.tgz 665ms (cache miss)
1222 http fetch GET 200 https://registry.npmjs.org/cookie-signature/-/cookie-signature-1.2.2.tgz 664ms (cache miss)
1223 http fetch GET 200 https://registry.npmjs.org/finalhandler/-/finalhandler-2.1.1.tgz 667ms (cache miss)
1224 http fetch GET 200 https://registry.npmjs.org/mime-types/-/mime-types-3.0.2.tgz 667ms (cache miss)
1225 http fetch GET 200 https://registry.npmjs.org/escape-html/-/escape-html-1.0.3.tgz 669ms (cache miss)
1226 http fetch GET 200 https://registry.npmjs.org/content-type/-/content-type-1.0.5.tgz 667ms (cache miss)
1227 http fetch GET 200 https://registry.npmjs.org/accepts/-/accepts-2.0.0.tgz 667ms (cache miss)
1228 http fetch GET 200 https://registry.npmjs.org/cookie/-/cookie-0.7.2.tgz 670ms (cache miss)
1229 http fetch GET 200 https://registry.npmjs.org/fresh/-/fresh-2.0.0.tgz 674ms (cache miss)
1230 http fetch GET 200 https://registry.npmjs.org/depd/-/depd-2.0.0.tgz 676ms (cache miss)
1231 http fetch GET 200 https://registry.npmjs.org/object-assign/-/object-assign-4.1.1.tgz 675ms (cache miss)
1232 http fetch GET 200 https://registry.npmjs.org/debug/-/debug-4.4.3.tgz 677ms (cache miss)
1233 http fetch GET 200 https://registry.npmjs.org/content-disposition/-/content-disposition-1.1.0.tgz 678ms (cache miss)
1234 http fetch GET 200 https://registry.npmjs.org/vary/-/vary-1.1.2.tgz 679ms (cache miss)
1235 http fetch GET 200 https://registry.npmjs.org/content-type/-/content-type-2.0.0.tgz 681ms (cache miss)
1236 http fetch GET 200 https://registry.npmjs.org/cors/-/cors-2.8.6.tgz 684ms (cache miss)
1237 http fetch GET 200 https://registry.npmjs.org/chownr/-/chownr-1.1.4.tgz 687ms (cache miss)
1238 http fetch GET 200 https://registry.npmjs.org/media-typer/-/media-typer-0.3.0.tgz 687ms (cache miss)
1239 http fetch GET 200 https://registry.npmjs.org/mime-types/-/mime-types-2.1.35.tgz 688ms (cache miss)
1240 http fetch GET 200 https://registry.npmjs.org/content-type/-/content-type-2.0.0.tgz 688ms (cache miss)
1241 http fetch GET 200 https://registry.npmjs.org/type-is/-/type-is-1.6.18.tgz 688ms (cache miss)
1242 http fetch GET 200 https://registry.npmjs.org/body-parser/-/body-parser-2.3.0.tgz 691ms (cache miss)
1243 http fetch GET 200 https://registry.npmjs.org/mime-db/-/mime-db-1.52.0.tgz 692ms (cache miss)
1244 http fetch GET 200 https://registry.npmjs.org/multer/-/multer-2.2.0.tgz 697ms (cache miss)
1245 http fetch GET 200 https://registry.npmjs.org/express/-/express-5.2.1.tgz 702ms (cache miss)
1246 http fetch GET 200 https://registry.npmjs.org/bcryptjs/-/bcryptjs-3.0.3.tgz 703ms (cache miss)
1247 http fetch GET 200 https://registry.npmjs.org/jsonwebtoken/-/jsonwebtoken-9.0.3.tgz 706ms (cache miss)
1248 http fetch GET 200 https://registry.npmjs.org/qs/-/qs-6.15.3.tgz 722ms (cache miss)
1249 http fetch GET 200 https://registry.npmjs.org/semver/-/semver-7.8.5.tgz 734ms (cache miss)
1250 http fetch GET 200 https://registry.npmjs.org/iconv-lite/-/iconv-lite-0.7.3.tgz 738ms (cache miss)
1251 http fetch GET 200 https://registry.npmjs.org/uuid/-/uuid-14.0.1.tgz 757ms (cache miss)
1252 http fetch GET 200 https://registry.npmjs.org/undici/-/undici-6.28.0.tgz 783ms (cache miss)
1253 http fetch GET 200 https://registry.npmjs.org/node-gyp/-/node-gyp-12.4.0.tgz 787ms (cache miss)
1254 http fetch GET 200 https://registry.npmjs.org/tar/-/tar-7.5.22.tgz 832ms (cache miss)
1255 http fetch GET 200 https://registry.npmjs.org/sqlite3/-/sqlite3-6.0.1.tgz 1155ms (cache miss)
1256 info run sqlite3@6.0.1 install node_modules/sqlite3 prebuild-install -r napi || node-gyp rebuild
1257 info run sqlite3@6.0.1 install { code: 0, signal: null }
1258 silly ADD node_modules/isexe
1259 silly ADD node_modules/media-typer
1260 silly ADD node_modules/picomatch
1261 silly ADD node_modules/fdir
1262 silly ADD node_modules/ieee754
1263 silly ADD node_modules/base64-js
1264 silly ADD node_modules/buffer
1265 silly ADD node_modules/fs-constants
1266 silly ADD node_modules/bl
1267 silly ADD node_modules/tar-stream
1268 silly ADD node_modules/yallist
1269 silly ADD node_modules/minizlib
1270 silly ADD node_modules/minipass
1271 silly ADD node_modules/chownr
1272 silly ADD node_modules/@isaacs/fs-minipass
1273 silly ADD node_modules/mimic-response
1274 silly ADD node_modules/simple-concat
1275 silly ADD node_modules/decompress-response
1276 silly ADD node_modules/strip-json-comments
1277 silly ADD node_modules/ini
1278 silly ADD node_modules/deep-extend
1279 silly ADD node_modules/end-of-stream
1280 silly ADD node_modules/tunnel-agent
1281 silly ADD node_modules/tar-fs
1282 silly ADD node_modules/tar-fs/node_modules/chownr
1283 silly ADD node_modules/simple-get
1284 silly ADD node_modules/rc
1285 silly ADD node_modules/pump
1286 silly ADD node_modules/node-abi
1287 silly ADD node_modules/napi-build-utils
1288 silly ADD node_modules/mkdirp-classic
1289 silly ADD node_modules/minimist
1290 silly ADD node_modules/github-from-package
1291 silly ADD node_modules/expand-template
1292 silly ADD node_modules/detect-libc
1293 silly ADD node_modules/abbrev
1294 silly ADD node_modules/which
1295 silly ADD node_modules/undici
1296 silly ADD node_modules/tinyglobby
1297 silly ADD node_modules/proc-log
1298 silly ADD node_modules/nopt
1299 silly ADD node_modules/graceful-fs
1300 silly ADD node_modules/exponential-backoff
1301 silly ADD node_modules/env-paths
1302 silly ADD node_modules/file-uri-to-path
1303 silly ADD node_modules/tar
1304 silly ADD node_modules/prebuild-install
1305 silly ADD node_modules/node-gyp
1306 silly ADD node_modules/node-addon-api
1307 silly ADD node_modules/bindings
1308 silly ADD node_modules/dunder-proto
1309 silly ADD node_modules/math-intrinsics
1310 silly ADD node_modules/hasown
1311 silly ADD node_modules/has-symbols
1312 silly ADD node_modules/gopd
1313 silly ADD node_modules/get-proto
1314 silly ADD node_modules/es-object-atoms
1315 silly ADD node_modules/function-bind
1316 silly ADD node_modules/call-bind-apply-helpers
1317 silly ADD node_modules/get-intrinsic
1318 silly ADD node_modules/call-bound
1319 silly ADD node_modules/side-channel-weakmap
1320 silly ADD node_modules/side-channel-map
1321 silly ADD node_modules/side-channel-list
1322 silly ADD node_modules/object-inspect
1323 silly ADD node_modules/es-errors
1324 silly ADD node_modules/path-to-regexp
1325 silly ADD node_modules/is-promise
1326 silly ADD node_modules/util-deprecate
1327 silly ADD node_modules/string_decoder
1328 silly ADD node_modules/unpipe
1329 silly ADD node_modules/side-channel
1330 silly ADD node_modules/es-define-property
1331 silly ADD node_modules/ipaddr.js
1332 silly ADD node_modules/forwarded
1333 silly ADD node_modules/wrappy
1334 silly ADD node_modules/ee-first
1335 silly ADD node_modules/typedarray
1336 silly ADD node_modules/readable-stream
1337 silly ADD node_modules/buffer-from
1338 silly ADD node_modules/streamsearch
1339 silly ADD node_modules/concat-stream
1340 silly ADD node_modules/busboy
1341 silly ADD node_modules/append-field
1342 silly ADD node_modules/mime-db
1343 silly ADD node_modules/ecdsa-sig-formatter
1344 silly ADD node_modules/buffer-equal-constant-time
1345 silly ADD node_modules/safe-buffer
1346 silly ADD node_modules/jwa
1347 silly ADD node_modules/semver
1348 silly ADD node_modules/lodash.once
1349 silly ADD node_modules/lodash.isstring
1350 silly ADD node_modules/lodash.isplainobject
1351 silly ADD node_modules/lodash.isnumber
1352 silly ADD node_modules/lodash.isinteger
1353 silly ADD node_modules/lodash.isboolean
1354 silly ADD node_modules/lodash.includes
1355 silly ADD node_modules/jws
1356 silly ADD node_modules/safer-buffer
1357 silly ADD node_modules/toidentifier
1358 silly ADD node_modules/setprototypeof
1359 silly ADD node_modules/inherits
1360 silly ADD node_modules/ms
1361 silly ADD node_modules/raw-body
1362 silly ADD node_modules/iconv-lite
1363 silly ADD node_modules/bytes
1364 silly ADD node_modules/negotiator
1365 silly ADD node_modules/type-is
1366 silly ADD node_modules/type-is/node_modules/content-type
1367 silly ADD node_modules/statuses
1368 silly ADD node_modules/serve-static
1369 silly ADD node_modules/send
1370 silly ADD node_modules/router
1371 silly ADD node_modules/range-parser
1372 silly ADD node_modules/qs
1373 silly ADD node_modules/proxy-addr
1374 silly ADD node_modules/parseurl
1375 silly ADD node_modules/once
1376 silly ADD node_modules/on-finished
1377 silly ADD node_modules/mime-types
1378 silly ADD node_modules/merge-descriptors
1379 silly ADD node_modules/http-errors
1380 silly ADD node_modules/fresh
1381 silly ADD node_modules/finalhandler
1382 silly ADD node_modules/etag
1383 silly ADD node_modules/escape-html
1384 silly ADD node_modules/encodeurl
1385 silly ADD node_modules/depd
1386 silly ADD node_modules/debug
1387 silly ADD node_modules/cookie-signature
1388 silly ADD node_modules/cookie
1389 silly ADD node_modules/content-type
1390 silly ADD node_modules/content-disposition
1391 silly ADD node_modules/body-parser
1392 silly ADD node_modules/body-parser/node_modules/content-type
1393 silly ADD node_modules/accepts
1394 silly ADD node_modules/vary
1395 silly ADD node_modules/object-assign
1396 silly ADD node_modules/uuid
1397 silly ADD node_modules/sqlite3
1398 silly ADD node_modules/multer
1399 silly ADD node_modules/multer/node_modules/mime-db
1400 silly ADD node_modules/multer/node_modules/mime-types
1401 silly ADD node_modules/multer/node_modules/media-typer
1402 silly ADD node_modules/multer/node_modules/type-is
1403 silly ADD node_modules/jsonwebtoken
1404 silly ADD node_modules/express
1405 silly ADD node_modules/cors
1406 silly ADD node_modules/bcryptjs
1407 warn allow-scripts 1 package has install scripts not yet covered by allowScripts:
1407 warn allow-scripts   sqlite3@6.0.1 (install: prebuild-install -r napi || node-gyp rebuild)
1407 warn allow-scripts
1407 warn allow-scripts Run `npm approve-scripts --allow-scripts-pending` to review, or `npm approve-scripts <pkg>` to allow.
1408 verbose cwd /Users/wisnuwar/Documents/Coding/Tartun V2/Uc1Nx-main
1409 verbose os Darwin 25.6.0
1410 verbose node v24.19.0
1411 verbose npm  v11.17.0
1412 notice
1412 notice New major version of npm available! 11.17.0 -> 12.0.2
1412 notice Changelog: https://github.com/npm/cli/releases/tag/v12.0.2
1412 notice To update run: npm install -g npm@12.0.2
1412 notice  { force: true, Symbol(proc-log.meta): true }
1413 verbose exit 0
1414 info ok
